family,k_c,log2_M_c,log2_M_c_minus_log2_p,target_frac,pool_size,rejection_attempts,rejection_rate,precision_bits,use_offset,seed,aborts,abort_rate,certified_correct,certified_when_wrong,diff_distribution
standard17,13,208.01150776267116,-47.98849223732884,0.001,10000,9863957,0.001013791929547138,6,False,191035533549083,10000,1.0,0,0,"{""-1"": 10000}"
standard17,13,208.01150776267116,-47.98849223732884,0.001,10000,9863957,0.001013791929547138,6,True,191035533549083,4882,0.4882,0,0,"{""-1"": 4882, ""0"": 5118}"
standard17,13,208.01150776267116,-47.98849223732884,0.001,10000,9863957,0.001013791929547138,8,False,191035533549083,10000,1.0,0,0,"{""-1"": 10000}"
standard17,13,208.01150776267116,-47.98849223732884,0.001,10000,9863957,0.001013791929547138,8,True,191035533549083,4474,0.4474,0,0,"{""-1"": 4474, ""0"": 5526}"
standard17,13,208.01150776267116,-47.98849223732884,0.001,10000,9863957,0.001013791929547138,10,False,191035533549083,10000,1.0,0,0,"{""-1"": 10000}"
standard17,13,208.01150776267116,-47.98849223732884,0.001,10000,9863957,0.001013791929547138,10,True,191035533549083,3145,0.3145,0,0,"{""-1"": 3145, ""0"": 6855}"
standard17,13,208.01150776267116,-47.98849223732884,0.001,10000,9863957,0.001013791929547138,12,False,191035533549083,9970,0.997,30,0,"{""-1"": 9970, ""0"": 30}"
standard17,13,208.01150776267116,-47.98849223732884,0.001,10000,9863957,0.001013791929547138,12,True,191035533549083,1002,0.1002,30,0,"{""-1"": 1002, ""0"": 8998}"
standard17,13,208.01150776267116,-47.98849223732884,0.001,10000,9863957,0.001013791929547138,14,False,191035533549083,3613,0.3613,6387,0,"{""-1"": 3613, ""0"": 6387}"
standard17,13,208.01150776267116,-47.98849223732884,0.001,10000,9863957,0.001013791929547138,14,True,191035533549083,256,0.0256,6387,0,"{""-1"": 256, ""0"": 9744}"
standard17,13,208.01150776267116,-47.98849223732884,0.001,10000,9863957,0.001013791929547138,16,False,191035533549083,923,0.0923,9077,0,"{""-1"": 923, ""0"": 9077}"
standard17,13,208.01150776267116,-47.98849223732884,0.001,10000,9863957,0.001013791929547138,16,True,191035533549083,70,0.007,9077,0,"{""-1"": 70, ""0"": 9930}"
standard17,13,208.01150776267116,-47.98849223732884,0.005,10000,2010756,0.004973253840843941,6,False,191033862995640,10000,1.0,0,0,"{""-1"": 10000}"
standard17,13,208.01150776267116,-47.98849223732884,0.005,10000,2010756,0.004973253840843941,6,True,191033862995640,4441,0.4441,0,0,"{""-1"": 4441, ""0"": 5559}"
standard17,13,208.01150776267116,-47.98849223732884,0.005,10000,2010756,0.004973253840843941,8,False,191033862995640,10000,1.0,0,0,"{""-1"": 10000}"
standard17,13,208.01150776267116,-47.98849223732884,0.005,10000,2010756,0.004973253840843941,8,True,191033862995640,2778,0.2778,0,0,"{""-1"": 2778, ""0"": 7222}"
standard17,13,208.01150776267116,-47.98849223732884,0.005,10000,2010756,0.004973253840843941,10,False,191033862995640,9813,0.9813,187,0,"{""-1"": 9813, ""0"": 187}"
standard17,13,208.01150776267116,-47.98849223732884,0.005,10000,2010756,0.004973253840843941,10,True,191033862995640,762,0.0762,187,0,"{""-1"": 762, ""0"": 9238}"
standard17,13,208.01150776267116,-47.98849223732884,0.005,10000,2010756,0.004973253840843941,12,False,191033862995640,2920,0.292,7080,0,"{""-1"": 2920, ""0"": 7080}"
standard17,13,208.01150776267116,-47.98849223732884,0.005,10000,2010756,0.004973253840843941,12,True,191033862995640,208,0.0208,7080,0,"{""-1"": 208, ""0"": 9792}"
standard17,13,208.01150776267116,-47.98849223732884,0.005,10000,2010756,0.004973253840843941,14,False,191033862995640,738,0.0738,9262,0,"{""-1"": 738, ""0"": 9262}"
standard17,13,208.01150776267116,-47.98849223732884,0.005,10000,2010756,0.004973253840843941,14,True,191033862995640,54,0.0054,9262,0,"{""-1"": 54, ""0"": 9946}"
standard17,13,208.01150776267116,-47.98849223732884,0.005,10000,2010756,0.004973253840843941,16,False,191033862995640,207,0.0207,9793,0,"{""-1"": 207, ""0"": 9793}"
standard17,13,208.01150776267116,-47.98849223732884,0.005,10000,2010756,0.004973253840843941,16,True,191033862995640,12,0.0012,9793,0,"{""-1"": 12, ""0"": 9988}"
standard17,13,208.01150776267116,-47.98849223732884,0.01,10000,999806,0.010001940376433028,6,False,191031936505104,10000,1.0,0,0,"{""-1"": 10000}"
standard17,13,208.01150776267116,-47.98849223732884,0.01,10000,999806,0.010001940376433028,6,True,191031936505104,3727,0.3727,0,0,"{""-1"": 3727, ""0"": 6273}"
standard17,13,208.01150776267116,-47.98849223732884,0.01,10000,999806,0.010001940376433028,8,False,191031936505104,10000,1.0,0,0,"{""-1"": 10000}"
standard17,13,208.01150776267116,-47.98849223732884,0.01,10000,999806,0.010001940376433028,8,True,191031936505104,1629,0.1629,0,0,"{""-1"": 1629, ""0"": 8371}"
standard17,13,208.01150776267116,-47.98849223732884,0.01,10000,999806,0.010001940376433028,10,False,191031936505104,5809,0.5809,4191,0,"{""-1"": 5809, ""0"": 4191}"
standard17,13,208.01150776267116,-47.98849223732884,0.01,10000,999806,0.010001940376433028,10,True,191031936505104,418,0.0418,4191,0,"{""-1"": 418, ""0"": 9582}"
standard17,13,208.01150776267116,-47.98849223732884,0.01,10000,999806,0.010001940376433028,12,False,191031936505104,1479,0.1479,8521,0,"{""-1"": 1479, ""0"": 8521}"
standard17,13,208.01150776267116,-47.98849223732884,0.01,10000,999806,0.010001940376433028,12,True,191031936505104,121,0.0121,8521,0,"{""-1"": 121, ""0"": 9879}"
standard17,13,208.01150776267116,-47.98849223732884,0.01,10000,999806,0.010001940376433028,14,False,191031936505104,378,0.0378,9622,0,"{""-1"": 378, ""0"": 9622}"
standard17,13,208.01150776267116,-47.98849223732884,0.01,10000,999806,0.010001940376433028,14,True,191031936505104,32,0.0032,9622,0,"{""-1"": 32, ""0"": 9968}"
standard17,13,208.01150776267116,-47.98849223732884,0.01,10000,999806,0.010001940376433028,16,False,191031936505104,102,0.0102,9898,0,"{""-1"": 102, ""0"": 9898}"
standard17,13,208.01150776267116,-47.98849223732884,0.01,10000,999806,0.010001940376433028,16,True,191031936505104,1,0.0001,9898,0,"{""-1"": 1, ""0"": 9999}"
standard17,13,208.01150776267116,-47.98849223732884,0.05,10000,204054,0.04900663549844649,6,False,191034325533897,9998,0.9998,2,0,"{""-1"": 9998, ""0"": 2}"
standard17,13,208.01150776267116,-47.98849223732884,0.05,10000,204054,0.04900663549844649,6,True,191034325533897,1233,0.1233,2,0,"{""-1"": 1233, ""0"": 8767}"
standard17,13,208.01150776267116,-47.98849223732884,0.05,10000,204054,0.04900663549844649,8,False,191034325533897,4725,0.4725,5275,0,"{""-1"": 4725, ""0"": 5275}"
standard17,13,208.01150776267116,-47.98849223732884,0.05,10000,204054,0.04900663549844649,8,True,191034325533897,305,0.0305,5275,0,"{""-1"": 305, ""0"": 9695}"
standard17,13,208.01150776267116,-47.98849223732884,0.05,10000,204054,0.04900663549844649,10,False,191034325533897,1154,0.1154,8846,0,"{""-1"": 1154, ""0"": 8846}"
standard17,13,208.01150776267116,-47.98849223732884,0.05,10000,204054,0.04900663549844649,10,True,191034325533897,76,0.0076,8846,0,"{""-1"": 76, ""0"": 9924}"
standard17,13,208.01150776267116,-47.98849223732884,0.05,10000,204054,0.04900663549844649,12,False,191034325533897,276,0.0276,9724,0,"{""-1"": 276, ""0"": 9724}"
standard17,13,208.01150776267116,-47.98849223732884,0.05,10000,204054,0.04900663549844649,12,True,191034325533897,19,0.0019,9724,0,"{""-1"": 19, ""0"": 9981}"
standard17,13,208.01150776267116,-47.98849223732884,0.05,10000,204054,0.04900663549844649,14,False,191034325533897,60,0.006,9940,0,"{""-1"": 60, ""0"": 9940}"
standard17,13,208.01150776267116,-47.98849223732884,0.05,10000,204054,0.04900663549844649,14,True,191034325533897,1,0.0001,9940,0,"{""-1"": 1, ""0"": 9999}"
standard17,13,208.01150776267116,-47.98849223732884,0.05,10000,204054,0.04900663549844649,16,False,191034325533897,12,0.0012,9988,0,"{""-1"": 12, ""0"": 9988}"
standard17,13,208.01150776267116,-47.98849223732884,0.05,10000,204054,0.04900663549844649,16,True,191034325533897,1,0.0001,9988,0,"{""-1"": 1, ""0"": 9999}"
standard17,15,240.01608298306616,-15.983917016933844,0.001,10000,10148436,0.0009853735097703725,6,False,191034812473017,10000,1.0,0,0,"{""-1"": 10000}"
standard17,15,240.01608298306616,-15.983917016933844,0.001,10000,10148436,0.0009853735097703725,6,True,191034812473017,4936,0.4936,0,0,"{""-1"": 4936, ""0"": 5064}"
standard17,15,240.01608298306616,-15.983917016933844,0.001,10000,10148436,0.0009853735097703725,8,False,191034812473017,10000,1.0,0,0,"{""-1"": 10000}"
standard17,15,240.01608298306616,-15.983917016933844,0.001,10000,10148436,0.0009853735097703725,8,True,191034812473017,4553,0.4553,0,0,"{""-1"": 4553, ""0"": 5447}"
standard17,15,240.01608298306616,-15.983917016933844,0.001,10000,10148436,0.0009853735097703725,10,False,191034812473017,10000,1.0,0,0,"{""-1"": 10000}"
standard17,15,240.01608298306616,-15.983917016933844,0.001,10000,10148436,0.0009853735097703725,10,True,191034812473017,3272,0.3272,0,0,"{""-1"": 3272, ""0"": 6728}"
standard17,15,240.01608298306616,-15.983917016933844,0.001,10000,10148436,0.0009853735097703725,12,False,191034812473017,9999,0.9999,1,0,"{""-1"": 9999, ""0"": 1}"
standard17,15,240.01608298306616,-15.983917016933844,0.001,10000,10148436,0.0009853735097703725,12,True,191034812473017,1014,0.1014,1,0,"{""-1"": 1014, ""0"": 8986}"
standard17,15,240.01608298306616,-15.983917016933844,0.001,10000,10148436,0.0009853735097703725,14,False,191034812473017,4260,0.426,5740,0,"{""-1"": 4260, ""0"": 5740}"
standard17,15,240.01608298306616,-15.983917016933844,0.001,10000,10148436,0.0009853735097703725,14,True,191034812473017,292,0.0292,5740,0,"{""-1"": 292, ""0"": 9708}"
standard17,15,240.01608298306616,-15.983917016933844,0.001,10000,10148436,0.0009853735097703725,16,False,191034812473017,1079,0.1079,8921,0,"{""-1"": 1079, ""0"": 8921}"
standard17,15,240.01608298306616,-15.983917016933844,0.001,10000,10148436,0.0009853735097703725,16,True,191034812473017,80,0.008,8921,0,"{""-1"": 80, ""0"": 9920}"
standard17,15,240.01608298306616,-15.983917016933844,0.005,10000,1990344,0.005024257113343221,6,False,191035391390927,10000,1.0,0,0,"{""-1"": 10000}"
standard17,15,240.01608298306616,-15.983917016933844,0.005,10000,1990344,0.005024257113343221,6,True,191035391390927,4410,0.441,0,0,"{""-1"": 4410, ""0"": 5590}"
standard17,15,240.01608298306616,-15.983917016933844,0.005,10000,1990344,0.005024257113343221,8,False,191035391390927,10000,1.0,0,0,"{""-1"": 10000}"
standard17,15,240.01608298306616,-15.983917016933844,0.005,10000,1990344,0.005024257113343221,8,True,191035391390927,2912,0.2912,0,0,"{""-1"": 2912, ""0"": 7088}"
standard17,15,240.01608298306616,-15.983917016933844,0.005,10000,1990344,0.005024257113343221,10,False,191035391390927,9973,0.9973,27,0,"{""-1"": 9973, ""0"": 27}"
standard17,15,240.01608298306616,-15.983917016933844,0.005,10000,1990344,0.005024257113343221,10,True,191035391390927,825,0.0825,27,0,"{""-1"": 825, ""0"": 9175}"
standard17,15,240.01608298306616,-15.983917016933844,0.005,10000,1990344,0.005024257113343221,12,False,191035391390927,3390,0.339,6610,0,"{""-1"": 3390, ""0"": 6610}"
standard17,15,240.01608298306616,-15.983917016933844,0.005,10000,1990344,0.005024257113343221,12,True,191035391390927,217,0.0217,6610,0,"{""-1"": 217, ""0"": 9783}"
standard17,15,240.01608298306616,-15.983917016933844,0.005,10000,1990344,0.005024257113343221,14,False,191035391390927,843,0.0843,9157,0,"{""-1"": 843, ""0"": 9157}"
standard17,15,240.01608298306616,-15.983917016933844,0.005,10000,1990344,0.005024257113343221,14,True,191035391390927,62,0.0062,9157,0,"{""-1"": 62, ""0"": 9938}"
standard17,15,240.01608298306616,-15.983917016933844,0.005,10000,1990344,0.005024257113343221,16,False,191035391390927,218,0.0218,9782,0,"{""-1"": 218, ""0"": 9782}"
standard17,15,240.01608298306616,-15.983917016933844,0.005,10000,1990344,0.005024257113343221,16,True,191035391390927,15,0.0015,9782,0,"{""-1"": 15, ""0"": 9985}"
standard17,15,240.01608298306616,-15.983917016933844,0.01,10000,1019661,0.009807181014082131,6,False,191033464900391,10000,1.0,0,0,"{""-1"": 10000}"
standard17,15,240.01608298306616,-15.983917016933844,0.01,10000,1019661,0.009807181014082131,6,True,191033464900391,3840,0.384,0,0,"{""-1"": 3840, ""0"": 6160}"
standard17,15,240.01608298306616,-15.983917016933844,0.01,10000,1019661,0.009807181014082131,8,False,191033464900391,10000,1.0,0,0,"{""-1"": 10000}"
standard17,15,240.01608298306616,-15.983917016933844,0.01,10000,1019661,0.009807181014082131,8,True,191033464900391,1685,0.1685,0,0,"{""-1"": 1685, ""0"": 8315}"
standard17,15,240.01608298306616,-15.983917016933844,0.01,10000,1019661,0.009807181014082131,10,False,191033464900391,6893,0.6893,3107,0,"{""-1"": 6893, ""0"": 3107}"
standard17,15,240.01608298306616,-15.983917016933844,0.01,10000,1019661,0.009807181014082131,10,True,191033464900391,452,0.0452,3107,0,"{""-1"": 452, ""0"": 9548}"
standard17,15,240.01608298306616,-15.983917016933844,0.01,10000,1019661,0.009807181014082131,12,False,191033464900391,1750,0.175,8250,0,"{""-1"": 1750, ""0"": 8250}"
standard17,15,240.01608298306616,-15.983917016933844,0.01,10000,1019661,0.009807181014082131,12,True,191033464900391,110,0.011,8250,0,"{""-1"": 110, ""0"": 9890}"
standard17,15,240.01608298306616,-15.983917016933844,0.01,10000,1019661,0.009807181014082131,14,False,191033464900391,456,0.0456,9544,0,"{""-1"": 456, ""0"": 9544}"
standard17,15,240.01608298306616,-15.983917016933844,0.01,10000,1019661,0.009807181014082131,14,True,191033464900391,24,0.0024,9544,0,"{""-1"": 24, ""0"": 9976}"
standard17,15,240.01608298306616,-15.983917016933844,0.01,10000,1019661,0.009807181014082131,16,False,191033464900391,97,0.0097,9903,0,"{""-1"": 97, ""0"": 9903}"
standard17,15,240.01608298306616,-15.983917016933844,0.01,10000,1019661,0.009807181014082131,16,True,191033464900391,8,0.0008,9903,0,"{""-1"": 8, ""0"": 9992}"
standard17,15,240.01608298306616,-15.983917016933844,0.05,10000,198664,0.05033624612410905,6,False,191034141328743,10000,1.0,0,0,"{""-1"": 10000}"
standard17,15,240.01608298306616,-15.983917016933844,0.05,10000,198664,0.05033624612410905,6,True,191034141328743,1345,0.1345,0,0,"{""-1"": 1345, ""0"": 8655}"
standard17,15,240.01608298306616,-15.983917016933844,0.05,10000,198664,0.05033624612410905,8,False,191034141328743,5528,0.5528,4472,0,"{""-1"": 5528, ""0"": 4472}"
standard17,15,240.01608298306616,-15.983917016933844,0.05,10000,198664,0.05033624612410905,8,True,191034141328743,353,0.0353,4472,0,"{""-1"": 353, ""0"": 9647}"
standard17,15,240.01608298306616,-15.983917016933844,0.05,10000,198664,0.05033624612410905,10,False,191034141328743,1363,0.1363,8637,0,"{""-1"": 1363, ""0"": 8637}"
standard17,15,240.01608298306616,-15.983917016933844,0.05,10000,198664,0.05033624612410905,10,True,191034141328743,92,0.0092,8637,0,"{""-1"": 92, ""0"": 9908}"
standard17,15,240.01608298306616,-15.983917016933844,0.05,10000,198664,0.05033624612410905,12,False,191034141328743,355,0.0355,9645,0,"{""-1"": 355, ""0"": 9645}"
standard17,15,240.01608298306616,-15.983917016933844,0.05,10000,198664,0.05033624612410905,12,True,191034141328743,17,0.0017,9645,0,"{""-1"": 17, ""0"": 9983}"
standard17,15,240.01608298306616,-15.983917016933844,0.05,10000,198664,0.05033624612410905,14,False,191034141328743,98,0.0098,9902,0,"{""-1"": 98, ""0"": 9902}"
standard17,15,240.01608298306616,-15.983917016933844,0.05,10000,198664,0.05033624612410905,14,True,191034141328743,3,0.0003,9902,0,"{""-1"": 3, ""0"": 9997}"
standard17,15,240.01608298306616,-15.983917016933844,0.05,10000,198664,0.05033624612410905,16,False,191034141328743,24,0.0024,9976,0,"{""-1"": 24, ""0"": 9976}"
standard17,15,240.01608298306616,-15.983917016933844,0.05,10000,198664,0.05033624612410905,16,True,191034141328743,3,0.0003,9976,0,"{""-1"": 3, ""0"": 9997}"
standard17,16,256.0186123491192,0.01861234911922338,0.001,10000,10144493,0.000985756508481991,6,False,191031710871949,10000,1.0,0,0,"{""-1"": 10000}"
standard17,16,256.0186123491192,0.01861234911922338,0.001,10000,10144493,0.000985756508481991,6,True,191031710871949,3234,0.3234,0,0,"{""-1"": 3234, ""0"": 6766}"
standard17,16,256.0186123491192,0.01861234911922338,0.001,10000,10144493,0.000985756508481991,8,False,191031710871949,10000,1.0,0,0,"{""-1"": 10000}"
standard17,16,256.0186123491192,0.01861234911922338,0.001,10000,10144493,0.000985756508481991,8,True,191031710871949,2948,0.2948,0,0,"{""-1"": 2948, ""0"": 7052}"
standard17,16,256.0186123491192,0.01861234911922338,0.001,10000,10144493,0.000985756508481991,10,False,191031710871949,10000,1.0,0,0,"{""-1"": 10000}"
standard17,16,256.0186123491192,0.01861234911922338,0.001,10000,10144493,0.000985756508481991,10,True,191031710871949,1914,0.1914,0,0,"{""-1"": 1914, ""0"": 8086}"
standard17,16,256.0186123491192,0.01861234911922338,0.001,10000,10144493,0.000985756508481991,12,False,191031710871949,9999,0.9999,1,0,"{""-1"": 9999, ""0"": 1}"
standard17,16,256.0186123491192,0.01861234911922338,0.001,10000,10144493,0.000985756508481991,12,True,191031710871949,569,0.0569,1,0,"{""-1"": 569, ""0"": 9431}"
standard17,16,256.0186123491192,0.01861234911922338,0.001,10000,10144493,0.000985756508481991,14,False,191031710871949,4518,0.4518,5482,0,"{""-1"": 4518, ""0"": 5482}"
standard17,16,256.0186123491192,0.01861234911922338,0.001,10000,10144493,0.000985756508481991,14,True,191031710871949,164,0.0164,5482,0,"{""-1"": 164, ""0"": 9836}"
standard17,16,256.0186123491192,0.01861234911922338,0.001,10000,10144493,0.000985756508481991,16,False,191031710871949,1125,0.1125,8875,0,"{""-1"": 1125, ""0"": 8875}"
standard17,16,256.0186123491192,0.01861234911922338,0.001,10000,10144493,0.000985756508481991,16,True,191031710871949,42,0.0042,8875,0,"{""-1"": 42, ""0"": 9958}"
standard17,16,256.0186123491192,0.01861234911922338,0.005,10000,1988024,0.005030120360719991,6,False,191032289789859,10000,1.0,0,0,"{""-1"": 10000}"
standard17,16,256.0186123491192,0.01861234911922338,0.005,10000,1988024,0.005030120360719991,6,True,191032289789859,2733,0.2733,0,0,"{""-1"": 2733, ""0"": 7267}"
standard17,16,256.0186123491192,0.01861234911922338,0.005,10000,1988024,0.005030120360719991,8,False,191032289789859,10000,1.0,0,0,"{""-1"": 10000}"
standard17,16,256.0186123491192,0.01861234911922338,0.005,10000,1988024,0.005030120360719991,8,True,191032289789859,1640,0.164,0,0,"{""-1"": 1640, ""0"": 8360}"
standard17,16,256.0186123491192,0.01861234911922338,0.005,10000,1988024,0.005030120360719991,10,False,191032289789859,9987,0.9987,13,0,"{""-1"": 9987, ""0"": 13}"
standard17,16,256.0186123491192,0.01861234911922338,0.005,10000,1988024,0.005030120360719991,10,True,191032289789859,484,0.0484,13,0,"{""-1"": 484, ""0"": 9516}"
standard17,16,256.0186123491192,0.01861234911922338,0.005,10000,1988024,0.005030120360719991,12,False,191032289789859,3656,0.3656,6344,0,"{""-1"": 3656, ""0"": 6344}"
standard17,16,256.0186123491192,0.01861234911922338,0.005,10000,1988024,0.005030120360719991,12,True,191032289789859,118,0.0118,6344,0,"{""-1"": 118, ""0"": 9882}"
standard17,16,256.0186123491192,0.01861234911922338,0.005,10000,1988024,0.005030120360719991,14,False,191032289789859,906,0.0906,9094,0,"{""-1"": 906, ""0"": 9094}"
standard17,16,256.0186123491192,0.01861234911922338,0.005,10000,1988024,0.005030120360719991,14,True,191032289789859,26,0.0026,9094,0,"{""-1"": 26, ""0"": 9974}"
standard17,16,256.0186123491192,0.01861234911922338,0.005,10000,1988024,0.005030120360719991,16,False,191032289789859,216,0.0216,9784,0,"{""-1"": 216, ""0"": 9784}"
standard17,16,256.0186123491192,0.01861234911922338,0.005,10000,1988024,0.005030120360719991,16,True,191032289789859,3,0.0003,9784,0,"{""-1"": 3, ""0"": 9997}"
standard17,16,256.0186123491192,0.01861234911922338,0.01,10000,997801,0.010022038462579212,6,False,191032408795266,10000,1.0,0,0,"{""-1"": 10000}"
standard17,16,256.0186123491192,0.01861234911922338,0.01,10000,997801,0.010022038462579212,6,True,191032408795266,2373,0.2373,0,0,"{""-1"": 2373, ""0"": 7627}"
standard17,16,256.0186123491192,0.01861234911922338,0.01,10000,997801,0.010022038462579212,8,False,191032408795266,10000,1.0,0,0,"{""-1"": 10000}"
standard17,16,256.0186123491192,0.01861234911922338,0.01,10000,997801,0.010022038462579212,8,True,191032408795266,877,0.0877,0,0,"{""-1"": 877, ""0"": 9123}"
standard17,16,256.0186123491192,0.01861234911922338,0.01,10000,997801,0.010022038462579212,10,False,191032408795266,7267,0.7267,2733,0,"{""-1"": 7267, ""0"": 2733}"
standard17,16,256.0186123491192,0.01861234911922338,0.01,10000,997801,0.010022038462579212,10,True,191032408795266,235,0.0235,2733,0,"{""-1"": 235, ""0"": 9765}"
standard17,16,256.0186123491192,0.01861234911922338,0.01,10000,997801,0.010022038462579212,12,False,191032408795266,1815,0.1815,8185,0,"{""-1"": 1815, ""0"": 8185}"
standard17,16,256.0186123491192,0.01861234911922338,0.01,10000,997801,0.010022038462579212,12,True,191032408795266,65,0.0065,8185,0,"{""-1"": 65, ""0"": 9935}"
standard17,16,256.0186123491192,0.01861234911922338,0.01,10000,997801,0.010022038462579212,14,False,191032408795266,449,0.0449,9551,0,"{""-1"": 449, ""0"": 9551}"
standard17,16,256.0186123491192,0.01861234911922338,0.01,10000,997801,0.010022038462579212,14,True,191032408795266,14,0.0014,9551,0,"{""-1"": 14, ""0"": 9986}"
standard17,16,256.0186123491192,0.01861234911922338,0.01,10000,997801,0.010022038462579212,16,False,191032408795266,119,0.0119,9881,0,"{""-1"": 119, ""0"": 9881}"
standard17,16,256.0186123491192,0.01861234911922338,0.01,10000,997801,0.010022038462579212,16,True,191032408795266,2,0.0002,9881,0,"{""-1"": 2, ""0"": 9998}"
standard17,16,256.0186123491192,0.01861234911922338,0.05,10000,202598,0.049358828813709905,6,False,191034797824059,10000,1.0,0,0,"{""-1"": 10000}"
standard17,16,256.0186123491192,0.01861234911922338,0.05,10000,202598,0.049358828813709905,6,True,191034797824059,787,0.0787,0,0,"{""-1"": 787, ""0"": 9213}"
standard17,16,256.0186123491192,0.01861234911922338,0.05,10000,202598,0.049358828813709905,8,False,191034797824059,5892,0.5892,4108,0,"{""-1"": 5892, ""0"": 4108}"
standard17,16,256.0186123491192,0.01861234911922338,0.05,10000,202598,0.049358828813709905,8,True,191034797824059,188,0.0188,4108,0,"{""-1"": 188, ""0"": 9812}"
standard17,16,256.0186123491192,0.01861234911922338,0.05,10000,202598,0.049358828813709905,10,False,191034797824059,1463,0.1463,8537,0,"{""-1"": 1463, ""0"": 8537}"
standard17,16,256.0186123491192,0.01861234911922338,0.05,10000,202598,0.049358828813709905,10,True,191034797824059,46,0.0046,8537,0,"{""-1"": 46, ""0"": 9954}"
standard17,16,256.0186123491192,0.01861234911922338,0.05,10000,202598,0.049358828813709905,12,False,191034797824059,369,0.0369,9631,0,"{""-1"": 369, ""0"": 9631}"
standard17,16,256.0186123491192,0.01861234911922338,0.05,10000,202598,0.049358828813709905,12,True,191034797824059,19,0.0019,9631,0,"{""-1"": 19, ""0"": 9981}"
standard17,16,256.0186123491192,0.01861234911922338,0.05,10000,202598,0.049358828813709905,14,False,191034797824059,88,0.0088,9912,0,"{""-1"": 88, ""0"": 9912}"
standard17,16,256.0186123491192,0.01861234911922338,0.05,10000,202598,0.049358828813709905,14,True,191034797824059,5,0.0005,9912,0,"{""-1"": 5, ""0"": 9995}"
standard17,16,256.0186123491192,0.01861234911922338,0.05,10000,202598,0.049358828813709905,16,False,191034797824059,23,0.0023,9977,0,"{""-1"": 23, ""0"": 9977}"
standard17,16,256.0186123491192,0.01861234911922338,0.05,10000,202598,0.049358828813709905,16,True,191034797824059,3,0.0003,9977,0,"{""-1"": 3, ""0"": 9997}"
standard17,17,272.0212735604559,16.02127356045588,0.001,10000,10089462,0.0009911331248385691,6,False,191032851192894,10000,1.0,0,0,"{""-1"": 10000}"
standard17,17,272.0212735604559,16.02127356045588,0.001,10000,10089462,0.0009911331248385691,6,True,191032851192894,4846,0.4846,0,0,"{""-1"": 4846, ""0"": 5154}"
standard17,17,272.0212735604559,16.02127356045588,0.001,10000,10089462,0.0009911331248385691,8,False,191032851192894,10000,1.0,0,0,"{""-1"": 10000}"
standard17,17,272.0212735604559,16.02127356045588,0.001,10000,10089462,0.0009911331248385691,8,True,191032851192894,4544,0.4544,0,0,"{""-1"": 4544, ""0"": 5456}"
standard17,17,272.0212735604559,16.02127356045588,0.001,10000,10089462,0.0009911331248385691,10,False,191032851192894,10000,1.0,0,0,"{""-1"": 10000}"
standard17,17,272.0212735604559,16.02127356045588,0.001,10000,10089462,0.0009911331248385691,10,True,191032851192894,3231,0.3231,0,0,"{""-1"": 3231, ""0"": 6769}"
standard17,17,272.0212735604559,16.02127356045588,0.001,10000,10089462,0.0009911331248385691,12,False,191032851192894,10000,1.0,0,0,"{""-1"": 10000}"
standard17,17,272.0212735604559,16.02127356045588,0.001,10000,10089462,0.0009911331248385691,12,True,191032851192894,1139,0.1139,0,0,"{""-1"": 1139, ""0"": 8861}"
standard17,17,272.0212735604559,16.02127356045588,0.001,10000,10089462,0.0009911331248385691,14,False,191032851192894,4910,0.491,5090,0,"{""-1"": 4910, ""0"": 5090}"
standard17,17,272.0212735604559,16.02127356045588,0.001,10000,10089462,0.0009911331248385691,14,True,191032851192894,253,0.0253,5090,0,"{""-1"": 253, ""0"": 9747}"
standard17,17,272.0212735604559,16.02127356045588,0.001,10000,10089462,0.0009911331248385691,16,False,191032851192894,1207,0.1207,8793,0,"{""-1"": 1207, ""0"": 8793}"
standard17,17,272.0212735604559,16.02127356045588,0.001,10000,10089462,0.0009911331248385691,16,True,191032851192894,80,0.008,8793,0,"{""-1"": 80, ""0"": 9920}"
standard17,17,272.0212735604559,16.02127356045588,0.005,10000,1984193,0.005039832314699225,6,False,191033430110804,10000,1.0,0,0,"{""-1"": 10000}"
standard17,17,272.0212735604559,16.02127356045588,0.005,10000,1984193,0.005039832314699225,6,True,191033430110804,4534,0.4534,0,0,"{""-1"": 4534, ""0"": 5466}"
standard17,17,272.0212735604559,16.02127356045588,0.005,10000,1984193,0.005039832314699225,8,False,191033430110804,10000,1.0,0,0,"{""-1"": 10000}"
standard17,17,272.0212735604559,16.02127356045588,0.005,10000,1984193,0.005039832314699225,8,True,191033430110804,3015,0.3015,0,0,"{""-1"": 3015, ""0"": 6985}"
standard17,17,272.0212735604559,16.02127356045588,0.005,10000,1984193,0.005039832314699225,10,False,191033430110804,9997,0.9997,3,0,"{""-1"": 9997, ""0"": 3}"
standard17,17,272.0212735604559,16.02127356045588,0.005,10000,1984193,0.005039832314699225,10,True,191033430110804,907,0.0907,3,0,"{""-1"": 907, ""0"": 9093}"
standard17,17,272.0212735604559,16.02127356045588,0.005,10000,1984193,0.005039832314699225,12,False,191033430110804,3948,0.3948,6052,0,"{""-1"": 3948, ""0"": 6052}"
standard17,17,272.0212735604559,16.02127356045588,0.005,10000,1984193,0.005039832314699225,12,True,191033430110804,228,0.0228,6052,0,"{""-1"": 228, ""0"": 9772}"
standard17,17,272.0212735604559,16.02127356045588,0.005,10000,1984193,0.005039832314699225,14,False,191033430110804,965,0.0965,9035,0,"{""-1"": 965, ""0"": 9035}"
standard17,17,272.0212735604559,16.02127356045588,0.005,10000,1984193,0.005039832314699225,14,True,191033430110804,51,0.0051,9035,0,"{""-1"": 51, ""0"": 9949}"
standard17,17,272.0212735604559,16.02127356045588,0.005,10000,1984193,0.005039832314699225,16,False,191033430110804,224,0.0224,9776,0,"{""-1"": 224, ""0"": 9776}"
standard17,17,272.0212735604559,16.02127356045588,0.005,10000,1984193,0.005039832314699225,16,True,191033430110804,21,0.0021,9776,0,"{""-1"": 21, ""0"": 9979}"
standard17,17,272.0212735604559,16.02127356045588,0.01,10000,1001255,0.009987465730508212,6,False,191035798587564,10000,1.0,0,0,"{""-1"": 10000}"
standard17,17,272.0212735604559,16.02127356045588,0.01,10000,1001255,0.009987465730508212,6,True,191035798587564,3851,0.3851,0,0,"{""-1"": 3851, ""0"": 6149}"
standard17,17,272.0212735604559,16.02127356045588,0.01,10000,1001255,0.009987465730508212,8,False,191035798587564,10000,1.0,0,0,"{""-1"": 10000}"
standard17,17,272.0212735604559,16.02127356045588,0.01,10000,1001255,0.009987465730508212,8,True,191035798587564,1774,0.1774,0,0,"{""-1"": 1774, ""0"": 8226}"
standard17,17,272.0212735604559,16.02127356045588,0.01,10000,1001255,0.009987465730508212,10,False,191035798587564,7833,0.7833,2167,0,"{""-1"": 7833, ""0"": 2167}"
standard17,17,272.0212735604559,16.02127356045588,0.01,10000,1001255,0.009987465730508212,10,True,191035798587564,490,0.049,2167,0,"{""-1"": 490, ""0"": 9510}"
standard17,17,272.0212735604559,16.02127356045588,0.01,10000,1001255,0.009987465730508212,12,False,191035798587564,1946,0.1946,8054,0,"{""-1"": 1946, ""0"": 8054}"
standard17,17,272.0212735604559,16.02127356045588,0.01,10000,1001255,0.009987465730508212,12,True,191035798587564,121,0.0121,8054,0,"{""-1"": 121, ""0"": 9879}"
standard17,17,272.0212735604559,16.02127356045588,0.01,10000,1001255,0.009987465730508212,14,False,191035798587564,509,0.0509,9491,0,"{""-1"": 509, ""0"": 9491}"
standard17,17,272.0212735604559,16.02127356045588,0.01,10000,1001255,0.009987465730508212,14,True,191035798587564,26,0.0026,9491,0,"{""-1"": 26, ""0"": 9974}"
standard17,17,272.0212735604559,16.02127356045588,0.01,10000,1001255,0.009987465730508212,16,False,191035798587564,116,0.0116,9884,0,"{""-1"": 116, ""0"": 9884}"
standard17,17,272.0212735604559,16.02127356045588,0.01,10000,1001255,0.009987465730508212,16,True,191035798587564,7,0.0007,9884,0,"{""-1"": 7, ""0"": 9993}"
standard17,17,272.0212735604559,16.02127356045588,0.05,10000,200259,0.04993533374280307,6,False,191031643177708,10000,1.0,0,0,"{""-1"": 10000}"
standard17,17,272.0212735604559,16.02127356045588,0.05,10000,200259,0.04993533374280307,6,True,191031643177708,1422,0.1422,0,0,"{""-1"": 1422, ""0"": 8578}"
standard17,17,272.0212735604559,16.02127356045588,0.05,10000,200259,0.04993533374280307,8,False,191031643177708,6199,0.6199,3801,0,"{""-1"": 6199, ""0"": 3801}"
standard17,17,272.0212735604559,16.02127356045588,0.05,10000,200259,0.04993533374280307,8,True,191031643177708,383,0.0383,3801,0,"{""-1"": 383, ""0"": 9617}"
standard17,17,272.0212735604559,16.02127356045588,0.05,10000,200259,0.04993533374280307,10,False,191031643177708,1602,0.1602,8398,0,"{""-1"": 1602, ""0"": 8398}"
standard17,17,272.0212735604559,16.02127356045588,0.05,10000,200259,0.04993533374280307,10,True,191031643177708,101,0.0101,8398,0,"{""-1"": 101, ""0"": 9899}"
standard17,17,272.0212735604559,16.02127356045588,0.05,10000,200259,0.04993533374280307,12,False,191031643177708,394,0.0394,9606,0,"{""-1"": 394, ""0"": 9606}"
standard17,17,272.0212735604559,16.02127356045588,0.05,10000,200259,0.04993533374280307,12,True,191031643177708,29,0.0029,9606,0,"{""-1"": 29, ""0"": 9971}"
standard17,17,272.0212735604559,16.02127356045588,0.05,10000,200259,0.04993533374280307,14,False,191031643177708,105,0.0105,9895,0,"{""-1"": 105, ""0"": 9895}"
standard17,17,272.0212735604559,16.02127356045588,0.05,10000,200259,0.04993533374280307,14,True,191031643177708,10,0.001,9895,0,"{""-1"": 10, ""0"": 9990}"
standard17,17,272.0212735604559,16.02127356045588,0.05,10000,200259,0.04993533374280307,16,False,191031643177708,33,0.0033,9967,0,"{""-1"": 33, ""0"": 9967}"
standard17,17,272.0212735604559,16.02127356045588,0.05,10000,200259,0.04993533374280307,16,True,191031643177708,1,0.0001,9967,0,"{""-1"": 1, ""0"": 9999}"
wide20,13,260.0013193839023,4.001319383902285,0.001,10000,9998421,0.0010001579249363473,6,False,191034196207577,10000,1.0,0,0,"{""-1"": 10000}"
wide20,13,260.0013193839023,4.001319383902285,0.001,10000,9998421,0.0010001579249363473,6,True,191034196207577,4868,0.4868,0,0,"{""-1"": 4868, ""0"": 5132}"
wide20,13,260.0013193839023,4.001319383902285,0.001,10000,9998421,0.0010001579249363473,8,False,191034196207577,10000,1.0,0,0,"{""-1"": 10000}"
wide20,13,260.0013193839023,4.001319383902285,0.001,10000,9998421,0.0010001579249363473,8,True,191034196207577,4542,0.4542,0,0,"{""-1"": 4542, ""0"": 5458}"
wide20,13,260.0013193839023,4.001319383902285,0.001,10000,9998421,0.0010001579249363473,10,False,191034196207577,10000,1.0,0,0,"{""-1"": 10000}"
wide20,13,260.0013193839023,4.001319383902285,0.001,10000,9998421,0.0010001579249363473,10,True,191034196207577,3179,0.3179,0,0,"{""-1"": 3179, ""0"": 6821}"
wide20,13,260.0013193839023,4.001319383902285,0.001,10000,9998421,0.0010001579249363473,12,False,191034196207577,9979,0.9979,21,0,"{""-1"": 9979, ""0"": 21}"
wide20,13,260.0013193839023,4.001319383902285,0.001,10000,9998421,0.0010001579249363473,12,True,191034196207577,986,0.0986,21,0,"{""-1"": 986, ""0"": 9014}"
wide20,13,260.0013193839023,4.001319383902285,0.001,10000,9998421,0.0010001579249363473,14,False,191034196207577,3740,0.374,6260,0,"{""-1"": 3740, ""0"": 6260}"
wide20,13,260.0013193839023,4.001319383902285,0.001,10000,9998421,0.0010001579249363473,14,True,191034196207577,238,0.0238,6260,0,"{""-1"": 238, ""0"": 9762}"
wide20,13,260.0013193839023,4.001319383902285,0.001,10000,9998421,0.0010001579249363473,16,False,191034196207577,939,0.0939,9061,0,"{""-1"": 939, ""0"": 9061}"
wide20,13,260.0013193839023,4.001319383902285,0.001,10000,9998421,0.0010001579249363473,16,True,191034196207577,75,0.0075,9061,0,"{""-1"": 75, ""0"": 9925}"
wide20,13,260.0013193839023,4.001319383902285,0.005,10000,2050642,0.0048765215966511954,6,False,191032525654134,10000,1.0,0,0,"{""-1"": 10000}"
wide20,13,260.0013193839023,4.001319383902285,0.005,10000,2050642,0.0048765215966511954,6,True,191032525654134,4349,0.4349,0,0,"{""-1"": 4349, ""0"": 5651}"
wide20,13,260.0013193839023,4.001319383902285,0.005,10000,2050642,0.0048765215966511954,8,False,191032525654134,10000,1.0,0,0,"{""-1"": 10000}"
wide20,13,260.0013193839023,4.001319383902285,0.005,10000,2050642,0.0048765215966511954,8,True,191032525654134,2761,0.2761,0,0,"{""-1"": 2761, ""0"": 7239}"
wide20,13,260.0013193839023,4.001319383902285,0.005,10000,2050642,0.0048765215966511954,10,False,191032525654134,9786,0.9786,214,0,"{""-1"": 9786, ""0"": 214}"
wide20,13,260.0013193839023,4.001319383902285,0.005,10000,2050642,0.0048765215966511954,10,True,191032525654134,765,0.0765,214,0,"{""-1"": 765, ""0"": 9235}"
wide20,13,260.0013193839023,4.001319383902285,0.005,10000,2050642,0.0048765215966511954,12,False,191032525654134,2903,0.2903,7097,0,"{""-1"": 2903, ""0"": 7097}"
wide20,13,260.0013193839023,4.001319383902285,0.005,10000,2050642,0.0048765215966511954,12,True,191032525654134,165,0.0165,7097,0,"{""-1"": 165, ""0"": 9835}"
wide20,13,260.0013193839023,4.001319383902285,0.005,10000,2050642,0.0048765215966511954,14,False,191032525654134,737,0.0737,9263,0,"{""-1"": 737, ""0"": 9263}"
wide20,13,260.0013193839023,4.001319383902285,0.005,10000,2050642,0.0048765215966511954,14,True,191032525654134,56,0.0056,9263,0,"{""-1"": 56, ""0"": 9944}"
wide20,13,260.0013193839023,4.001319383902285,0.005,10000,2050642,0.0048765215966511954,16,False,191032525654134,183,0.0183,9817,0,"{""-1"": 183, ""0"": 9817}"
wide20,13,260.0013193839023,4.001319383902285,0.005,10000,2050642,0.0048765215966511954,16,True,191032525654134,18,0.0018,9817,0,"{""-1"": 18, ""0"": 9982}"
wide20,13,260.0013193839023,4.001319383902285,0.01,10000,996549,0.010034629506426678,6,False,191033786834638,10000,1.0,0,0,"{""-1"": 10000}"
wide20,13,260.0013193839023,4.001319383902285,0.01,10000,996549,0.010034629506426678,6,True,191033786834638,3784,0.3784,0,0,"{""-1"": 3784, ""0"": 6216}"
wide20,13,260.0013193839023,4.001319383902285,0.01,10000,996549,0.010034629506426678,8,False,191033786834638,10000,1.0,0,0,"{""-1"": 10000}"
wide20,13,260.0013193839023,4.001319383902285,0.01,10000,996549,0.010034629506426678,8,True,191033786834638,1523,0.1523,0,0,"{""-1"": 1523, ""0"": 8477}"
wide20,13,260.0013193839023,4.001319383902285,0.01,10000,996549,0.010034629506426678,10,False,191033786834638,5835,0.5835,4165,0,"{""-1"": 5835, ""0"": 4165}"
wide20,13,260.0013193839023,4.001319383902285,0.01,10000,996549,0.010034629506426678,10,True,191033786834638,372,0.0372,4165,0,"{""-1"": 372, ""0"": 9628}"
wide20,13,260.0013193839023,4.001319383902285,0.01,10000,996549,0.010034629506426678,12,False,191033786834638,1430,0.143,8570,0,"{""-1"": 1430, ""0"": 8570}"
wide20,13,260.0013193839023,4.001319383902285,0.01,10000,996549,0.010034629506426678,12,True,191033786834638,87,0.0087,8570,0,"{""-1"": 87, ""0"": 9913}"
wide20,13,260.0013193839023,4.001319383902285,0.01,10000,996549,0.010034629506426678,14,False,191033786834638,354,0.0354,9646,0,"{""-1"": 354, ""0"": 9646}"
wide20,13,260.0013193839023,4.001319383902285,0.01,10000,996549,0.010034629506426678,14,True,191033786834638,26,0.0026,9646,0,"{""-1"": 26, ""0"": 9974}"
wide20,13,260.0013193839023,4.001319383902285,0.01,10000,996549,0.010034629506426678,16,False,191033786834638,86,0.0086,9914,0,"{""-1"": 86, ""0"": 9914}"
wide20,13,260.0013193839023,4.001319383902285,0.01,10000,996549,0.010034629506426678,16,True,191033786834638,5,0.0005,9914,0,"{""-1"": 5, ""0"": 9995}"
wide20,13,260.0013193839023,4.001319383902285,0.05,10000,200920,0.049771053155484773,6,False,191032988192391,10000,1.0,0,0,"{""-1"": 10000}"
wide20,13,260.0013193839023,4.001319383902285,0.05,10000,200920,0.049771053155484773,6,True,191032988192391,1247,0.1247,0,0,"{""-1"": 1247, ""0"": 8753}"
wide20,13,260.0013193839023,4.001319383902285,0.05,10000,200920,0.049771053155484773,8,False,191032988192391,4776,0.4776,5224,0,"{""-1"": 4776, ""0"": 5224}"
wide20,13,260.0013193839023,4.001319383902285,0.05,10000,200920,0.049771053155484773,8,True,191032988192391,318,0.0318,5224,0,"{""-1"": 318, ""0"": 9682}"
wide20,13,260.0013193839023,4.001319383902285,0.05,10000,200920,0.049771053155484773,10,False,191032988192391,1218,0.1218,8782,0,"{""-1"": 1218, ""0"": 8782}"
wide20,13,260.0013193839023,4.001319383902285,0.05,10000,200920,0.049771053155484773,10,True,191032988192391,69,0.0069,8782,0,"{""-1"": 69, ""0"": 9931}"
wide20,13,260.0013193839023,4.001319383902285,0.05,10000,200920,0.049771053155484773,12,False,191032988192391,290,0.029,9710,0,"{""-1"": 290, ""0"": 9710}"
wide20,13,260.0013193839023,4.001319383902285,0.05,10000,200920,0.049771053155484773,12,True,191032988192391,19,0.0019,9710,0,"{""-1"": 19, ""0"": 9981}"
wide20,13,260.0013193839023,4.001319383902285,0.05,10000,200920,0.049771053155484773,14,False,191032988192391,74,0.0074,9926,0,"{""-1"": 74, ""0"": 9926}"
wide20,13,260.0013193839023,4.001319383902285,0.05,10000,200920,0.049771053155484773,14,True,191032988192391,3,0.0003,9926,0,"{""-1"": 3, ""0"": 9997}"
wide20,13,260.0013193839023,4.001319383902285,0.05,10000,200920,0.049771053155484773,16,False,191032988192391,15,0.0015,9985,0,"{""-1"": 15, ""0"": 9985}"
wide20,13,260.0013193839023,4.001319383902285,0.05,10000,200920,0.049771053155484773,16,True,191032988192391,1,0.0001,9985,0,"{""-1"": 1, ""0"": 9999}"
wide20,15,300.0018559196968,44.00185591969682,0.001,10000,10034105,0.0009966010919758165,6,False,191033475131511,10000,1.0,0,0,"{""-1"": 10000}"
wide20,15,300.0018559196968,44.00185591969682,0.001,10000,10034105,0.0009966010919758165,6,True,191033475131511,4872,0.4872,0,0,"{""-1"": 4872, ""0"": 5128}"
wide20,15,300.0018559196968,44.00185591969682,0.001,10000,10034105,0.0009966010919758165,8,False,191033475131511,10000,1.0,0,0,"{""-1"": 10000}"
wide20,15,300.0018559196968,44.00185591969682,0.001,10000,10034105,0.0009966010919758165,8,True,191033475131511,4602,0.4602,0,0,"{""-1"": 4602, ""0"": 5398}"
wide20,15,300.0018559196968,44.00185591969682,0.001,10000,10034105,0.0009966010919758165,10,False,191033475131511,10000,1.0,0,0,"{""-1"": 10000}"
wide20,15,300.0018559196968,44.00185591969682,0.001,10000,10034105,0.0009966010919758165,10,True,191033475131511,3372,0.3372,0,0,"{""-1"": 3372, ""0"": 6628}"
wide20,15,300.0018559196968,44.00185591969682,0.001,10000,10034105,0.0009966010919758165,12,False,191033475131511,9999,0.9999,1,0,"{""-1"": 9999, ""0"": 1}"
wide20,15,300.0018559196968,44.00185591969682,0.001,10000,10034105,0.0009966010919758165,12,True,191033475131511,1091,0.1091,1,0,"{""-1"": 1091, ""0"": 8909}"
wide20,15,300.0018559196968,44.00185591969682,0.001,10000,10034105,0.0009966010919758165,14,False,191033475131511,4363,0.4363,5637,0,"{""-1"": 4363, ""0"": 5637}"
wide20,15,300.0018559196968,44.00185591969682,0.001,10000,10034105,0.0009966010919758165,14,True,191033475131511,252,0.0252,5637,0,"{""-1"": 252, ""0"": 9748}"
wide20,15,300.0018559196968,44.00185591969682,0.001,10000,10034105,0.0009966010919758165,16,False,191033475131511,1096,0.1096,8904,0,"{""-1"": 1096, ""0"": 8904}"
wide20,15,300.0018559196968,44.00185591969682,0.001,10000,10034105,0.0009966010919758165,16,True,191033475131511,58,0.0058,8904,0,"{""-1"": 58, ""0"": 9942}"
wide20,15,300.0018559196968,44.00185591969682,0.005,10000,2017006,0.004957843457084411,6,False,191034054049421,10000,1.0,0,0,"{""-1"": 10000}"
wide20,15,300.0018559196968,44.00185591969682,0.005,10000,2017006,0.004957843457084411,6,True,191034054049421,4486,0.4486,0,0,"{""-1"": 4486, ""0"": 5514}"
wide20,15,300.0018559196968,44.00185591969682,0.005,10000,2017006,0.004957843457084411,8,False,191034054049421,10000,1.0,0,0,"{""-1"": 10000}"
wide20,15,300.0018559196968,44.00185591969682,0.005,10000,2017006,0.004957843457084411,8,True,191034054049421,2900,0.29,0,0,"{""-1"": 2900, ""0"": 7100}"
wide20,15,300.0018559196968,44.00185591969682,0.005,10000,2017006,0.004957843457084411,10,False,191034054049421,9952,0.9952,48,0,"{""-1"": 9952, ""0"": 48}"
wide20,15,300.0018559196968,44.00185591969682,0.005,10000,2017006,0.004957843457084411,10,True,191034054049421,838,0.0838,48,0,"{""-1"": 838, ""0"": 9162}"
wide20,15,300.0018559196968,44.00185591969682,0.005,10000,2017006,0.004957843457084411,12,False,191034054049421,3381,0.3381,6619,0,"{""-1"": 3381, ""0"": 6619}"
wide20,15,300.0018559196968,44.00185591969682,0.005,10000,2017006,0.004957843457084411,12,True,191034054049421,208,0.0208,6619,0,"{""-1"": 208, ""0"": 9792}"
wide20,15,300.0018559196968,44.00185591969682,0.005,10000,2017006,0.004957843457084411,14,False,191034054049421,842,0.0842,9158,0,"{""-1"": 842, ""0"": 9158}"
wide20,15,300.0018559196968,44.00185591969682,0.005,10000,2017006,0.004957843457084411,14,True,191034054049421,49,0.0049,9158,0,"{""-1"": 49, ""0"": 9951}"
wide20,15,300.0018559196968,44.00185591969682,0.005,10000,2017006,0.004957843457084411,16,False,191034054049421,192,0.0192,9808,0,"{""-1"": 192, ""0"": 9808}"
wide20,15,300.0018559196968,44.00185591969682,0.005,10000,2017006,0.004957843457084411,16,True,191034054049421,18,0.0018,9808,0,"{""-1"": 18, ""0"": 9982}"
wide20,15,300.0018559196968,44.00185591969682,0.01,10000,993129,0.010069185372695792,6,False,191035315229925,10000,1.0,0,0,"{""-1"": 10000}"
wide20,15,300.0018559196968,44.00185591969682,0.01,10000,993129,0.010069185372695792,6,True,191035315229925,3917,0.3917,0,0,"{""-1"": 3917, ""0"": 6083}"
wide20,15,300.0018559196968,44.00185591969682,0.01,10000,993129,0.010069185372695792,8,False,191035315229925,10000,1.0,0,0,"{""-1"": 10000}"
wide20,15,300.0018559196968,44.00185591969682,0.01,10000,993129,0.010069185372695792,8,True,191035315229925,1714,0.1714,0,0,"{""-1"": 1714, ""0"": 8286}"
wide20,15,300.0018559196968,44.00185591969682,0.01,10000,993129,0.010069185372695792,10,False,191035315229925,6887,0.6887,3113,0,"{""-1"": 6887, ""0"": 3113}"
wide20,15,300.0018559196968,44.00185591969682,0.01,10000,993129,0.010069185372695792,10,True,191035315229925,429,0.0429,3113,0,"{""-1"": 429, ""0"": 9571}"
wide20,15,300.0018559196968,44.00185591969682,0.01,10000,993129,0.010069185372695792,12,False,191035315229925,1722,0.1722,8278,0,"{""-1"": 1722, ""0"": 8278}"
wide20,15,300.0018559196968,44.00185591969682,0.01,10000,993129,0.010069185372695792,12,True,191035315229925,103,0.0103,8278,0,"{""-1"": 103, ""0"": 9897}"
wide20,15,300.0018559196968,44.00185591969682,0.01,10000,993129,0.010069185372695792,14,False,191035315229925,431,0.0431,9569,0,"{""-1"": 431, ""0"": 9569}"
wide20,15,300.0018559196968,44.00185591969682,0.01,10000,993129,0.010069185372695792,14,True,191035315229925,17,0.0017,9569,0,"{""-1"": 17, ""0"": 9983}"
wide20,15,300.0018559196968,44.00185591969682,0.01,10000,993129,0.010069185372695792,16,False,191035315229925,106,0.0106,9894,0,"{""-1"": 106, ""0"": 9894}"
wide20,15,300.0018559196968,44.00185591969682,0.01,10000,993129,0.010069185372695792,16,True,191035315229925,4,0.0004,9894,0,"{""-1"": 4, ""0"": 9996}"
wide20,15,300.0018559196968,44.00185591969682,0.05,10000,198503,0.05037707238681531,6,False,191031730245413,9998,0.9998,2,0,"{""-1"": 9998, ""0"": 2}"
wide20,15,300.0018559196968,44.00185591969682,0.05,10000,198503,0.05037707238681531,6,True,191031730245413,1352,0.1352,2,0,"{""-1"": 1352, ""0"": 8648}"
wide20,15,300.0018559196968,44.00185591969682,0.05,10000,198503,0.05037707238681531,8,False,191031730245413,5492,0.5492,4508,0,"{""-1"": 5492, ""0"": 4508}"
wide20,15,300.0018559196968,44.00185591969682,0.05,10000,198503,0.05037707238681531,8,True,191031730245413,363,0.0363,4508,0,"{""-1"": 363, ""0"": 9637}"
wide20,15,300.0018559196968,44.00185591969682,0.05,10000,198503,0.05037707238681531,10,False,191031730245413,1387,0.1387,8613,0,"{""-1"": 1387, ""0"": 8613}"
wide20,15,300.0018559196968,44.00185591969682,0.05,10000,198503,0.05037707238681531,10,True,191031730245413,92,0.0092,8613,0,"{""-1"": 92, ""0"": 9908}"
wide20,15,300.0018559196968,44.00185591969682,0.05,10000,198503,0.05037707238681531,12,False,191031730245413,354,0.0354,9646,0,"{""-1"": 354, ""0"": 9646}"
wide20,15,300.0018559196968,44.00185591969682,0.05,10000,198503,0.05037707238681531,12,True,191031730245413,25,0.0025,9646,0,"{""-1"": 25, ""0"": 9975}"
wide20,15,300.0018559196968,44.00185591969682,0.05,10000,198503,0.05037707238681531,14,False,191031730245413,99,0.0099,9901,0,"{""-1"": 99, ""0"": 9901}"
wide20,15,300.0018559196968,44.00185591969682,0.05,10000,198503,0.05037707238681531,14,True,191031730245413,5,0.0005,9901,0,"{""-1"": 5, ""0"": 9995}"
wide20,15,300.0018559196968,44.00185591969682,0.05,10000,198503,0.05037707238681531,16,False,191031730245413,20,0.002,9980,0,"{""-1"": 20, ""0"": 9980}"
wide20,15,300.0018559196968,44.00185591969682,0.05,10000,198503,0.05037707238681531,16,True,191031730245413,2,0.0002,9980,0,"{""-1"": 2, ""0"": 9998}"
wide20,16,320.00215445068966,64.00215445068966,0.001,10000,9922335,0.0010078272906528555,6,False,191032569956513,10000,1.0,0,0,"{""-1"": 10000}"
wide20,16,320.00215445068966,64.00215445068966,0.001,10000,9922335,0.0010078272906528555,6,True,191032569956513,3192,0.3192,0,0,"{""-1"": 3192, ""0"": 6808}"
wide20,16,320.00215445068966,64.00215445068966,0.001,10000,9922335,0.0010078272906528555,8,False,191032569956513,10000,1.0,0,0,"{""-1"": 10000}"
wide20,16,320.00215445068966,64.00215445068966,0.001,10000,9922335,0.0010078272906528555,8,True,191032569956513,2856,0.2856,0,0,"{""-1"": 2856, ""0"": 7144}"
wide20,16,320.00215445068966,64.00215445068966,0.001,10000,9922335,0.0010078272906528555,10,False,191032569956513,10000,1.0,0,0,"{""-1"": 10000}"
wide20,16,320.00215445068966,64.00215445068966,0.001,10000,9922335,0.0010078272906528555,10,True,191032569956513,1893,0.1893,0,0,"{""-1"": 1893, ""0"": 8107}"
wide20,16,320.00215445068966,64.00215445068966,0.001,10000,9922335,0.0010078272906528555,12,False,191032569956513,9999,0.9999,1,0,"{""-1"": 9999, ""0"": 1}"
wide20,16,320.00215445068966,64.00215445068966,0.001,10000,9922335,0.0010078272906528555,12,True,191032569956513,565,0.0565,1,0,"{""-1"": 565, ""0"": 9435}"
wide20,16,320.00215445068966,64.00215445068966,0.001,10000,9922335,0.0010078272906528555,14,False,191032569956513,4588,0.4588,5412,0,"{""-1"": 4588, ""0"": 5412}"
wide20,16,320.00215445068966,64.00215445068966,0.001,10000,9922335,0.0010078272906528555,14,True,191032569956513,144,0.0144,5412,0,"{""-1"": 144, ""0"": 9856}"
wide20,16,320.00215445068966,64.00215445068966,0.001,10000,9922335,0.0010078272906528555,16,False,191032569956513,1165,0.1165,8835,0,"{""-1"": 1165, ""0"": 8835}"
wide20,16,320.00215445068966,64.00215445068966,0.001,10000,9922335,0.0010078272906528555,16,True,191032569956513,52,0.0052,8835,0,"{""-1"": 52, ""0"": 9948}"
wide20,16,320.00215445068966,64.00215445068966,0.005,10000,1984621,0.005038745433007108,6,False,191033148874423,10000,1.0,0,0,"{""-1"": 10000}"
wide20,16,320.00215445068966,64.00215445068966,0.005,10000,1984621,0.005038745433007108,6,True,191033148874423,2799,0.2799,0,0,"{""-1"": 2799, ""0"": 7201}"
wide20,16,320.00215445068966,64.00215445068966,0.005,10000,1984621,0.005038745433007108,8,False,191033148874423,10000,1.0,0,0,"{""-1"": 10000}"
wide20,16,320.00215445068966,64.00215445068966,0.005,10000,1984621,0.005038745433007108,8,True,191033148874423,1673,0.1673,0,0,"{""-1"": 1673, ""0"": 8327}"
wide20,16,320.00215445068966,64.00215445068966,0.005,10000,1984621,0.005038745433007108,10,False,191033148874423,9987,0.9987,13,0,"{""-1"": 9987, ""0"": 13}"
wide20,16,320.00215445068966,64.00215445068966,0.005,10000,1984621,0.005038745433007108,10,True,191033148874423,455,0.0455,13,0,"{""-1"": 455, ""0"": 9545}"
wide20,16,320.00215445068966,64.00215445068966,0.005,10000,1984621,0.005038745433007108,12,False,191033148874423,3602,0.3602,6398,0,"{""-1"": 3602, ""0"": 6398}"
wide20,16,320.00215445068966,64.00215445068966,0.005,10000,1984621,0.005038745433007108,12,True,191033148874423,105,0.0105,6398,0,"{""-1"": 105, ""0"": 9895}"
wide20,16,320.00215445068966,64.00215445068966,0.005,10000,1984621,0.005038745433007108,14,False,191033148874423,899,0.0899,9101,0,"{""-1"": 899, ""0"": 9101}"
wide20,16,320.00215445068966,64.00215445068966,0.005,10000,1984621,0.005038745433007108,14,True,191033148874423,35,0.0035,9101,0,"{""-1"": 35, ""0"": 9965}"
wide20,16,320.00215445068966,64.00215445068966,0.005,10000,1984621,0.005038745433007108,16,False,191033148874423,216,0.0216,9784,0,"{""-1"": 216, ""0"": 9784}"
wide20,16,320.00215445068966,64.00215445068966,0.005,10000,1984621,0.005038745433007108,16,True,191033148874423,6,0.0006,9784,0,"{""-1"": 6, ""0"": 9994}"
wide20,16,320.00215445068966,64.00215445068966,0.01,10000,1001823,0.009981803172815957,6,False,191032160583574,10000,1.0,0,0,"{""-1"": 10000}"
wide20,16,320.00215445068966,64.00215445068966,0.01,10000,1001823,0.009981803172815957,6,True,191032160583574,2338,0.2338,0,0,"{""-1"": 2338, ""0"": 7662}"
wide20,16,320.00215445068966,64.00215445068966,0.01,10000,1001823,0.009981803172815957,8,False,191032160583574,10000,1.0,0,0,"{""-1"": 10000}"
wide20,16,320.00215445068966,64.00215445068966,0.01,10000,1001823,0.009981803172815957,8,True,191032160583574,954,0.0954,0,0,"{""-1"": 954, ""0"": 9046}"
wide20,16,320.00215445068966,64.00215445068966,0.01,10000,1001823,0.009981803172815957,10,False,191032160583574,7247,0.7247,2753,0,"{""-1"": 7247, ""0"": 2753}"
wide20,16,320.00215445068966,64.00215445068966,0.01,10000,1001823,0.009981803172815957,10,True,191032160583574,235,0.0235,2753,0,"{""-1"": 235, ""0"": 9765}"
wide20,16,320.00215445068966,64.00215445068966,0.01,10000,1001823,0.009981803172815957,12,False,191032160583574,1884,0.1884,8116,0,"{""-1"": 1884, ""0"": 8116}"
wide20,16,320.00215445068966,64.00215445068966,0.01,10000,1001823,0.009981803172815957,12,True,191032160583574,39,0.0039,8116,0,"{""-1"": 39, ""0"": 9961}"
wide20,16,320.00215445068966,64.00215445068966,0.01,10000,1001823,0.009981803172815957,14,False,191032160583574,474,0.0474,9526,0,"{""-1"": 474, ""0"": 9526}"
wide20,16,320.00215445068966,64.00215445068966,0.01,10000,1001823,0.009981803172815957,14,True,191032160583574,14,0.0014,9526,0,"{""-1"": 14, ""0"": 9986}"
wide20,16,320.00215445068966,64.00215445068966,0.01,10000,1001823,0.009981803172815957,16,False,191032160583574,105,0.0105,9895,0,"{""-1"": 105, ""0"": 9895}"
wide20,16,320.00215445068966,64.00215445068966,0.01,10000,1001823,0.009981803172815957,16,True,191032160583574,3,0.0003,9895,0,"{""-1"": 3, ""0"": 9997}"
wide20,16,320.00215445068966,64.00215445068966,0.05,10000,200494,0.04987680429339531,6,False,191035656908623,10000,1.0,0,0,"{""-1"": 10000}"
wide20,16,320.00215445068966,64.00215445068966,0.05,10000,200494,0.04987680429339531,6,True,191035656908623,703,0.0703,0,0,"{""-1"": 703, ""0"": 9297}"
wide20,16,320.00215445068966,64.00215445068966,0.05,10000,200494,0.04987680429339531,8,False,191035656908623,5892,0.5892,4108,0,"{""-1"": 5892, ""0"": 4108}"
wide20,16,320.00215445068966,64.00215445068966,0.05,10000,200494,0.04987680429339531,8,True,191035656908623,186,0.0186,4108,0,"{""-1"": 186, ""0"": 9814}"
wide20,16,320.00215445068966,64.00215445068966,0.05,10000,200494,0.04987680429339531,10,False,191035656908623,1418,0.1418,8582,0,"{""-1"": 1418, ""0"": 8582}"
wide20,16,320.00215445068966,64.00215445068966,0.05,10000,200494,0.04987680429339531,10,True,191035656908623,44,0.0044,8582,0,"{""-1"": 44, ""0"": 9956}"
wide20,16,320.00215445068966,64.00215445068966,0.05,10000,200494,0.04987680429339531,12,False,191035656908623,369,0.0369,9631,0,"{""-1"": 369, ""0"": 9631}"
wide20,16,320.00215445068966,64.00215445068966,0.05,10000,200494,0.04987680429339531,12,True,191035656908623,12,0.0012,9631,0,"{""-1"": 12, ""0"": 9988}"
wide20,16,320.00215445068966,64.00215445068966,0.05,10000,200494,0.04987680429339531,14,False,191035656908623,82,0.0082,9918,0,"{""-1"": 82, ""0"": 9918}"
wide20,16,320.00215445068966,64.00215445068966,0.05,10000,200494,0.04987680429339531,14,True,191035656908623,4,0.0004,9918,0,"{""-1"": 4, ""0"": 9996}"
wide20,16,320.00215445068966,64.00215445068966,0.05,10000,200494,0.04987680429339531,16,False,191035656908623,20,0.002,9980,0,"{""-1"": 20, ""0"": 9980}"
wide20,16,320.00215445068966,64.00215445068966,0.05,10000,200494,0.04987680429339531,16,True,191035656908623,0,0.0,9980,0,"{""0"": 10000}"
wide20,17,340.0024612351181,84.00246123511812,0.001,10000,9960510,0.001003964656428235,6,False,191035052469220,10000,1.0,0,0,"{""-1"": 10000}"
wide20,17,340.0024612351181,84.00246123511812,0.001,10000,9960510,0.001003964656428235,6,True,191035052469220,4994,0.4994,0,0,"{""-1"": 4994, ""0"": 5006}"
wide20,17,340.0024612351181,84.00246123511812,0.001,10000,9960510,0.001003964656428235,8,False,191035052469220,10000,1.0,0,0,"{""-1"": 10000}"
wide20,17,340.0024612351181,84.00246123511812,0.001,10000,9960510,0.001003964656428235,8,True,191035052469220,4594,0.4594,0,0,"{""-1"": 4594, ""0"": 5406}"
wide20,17,340.0024612351181,84.00246123511812,0.001,10000,9960510,0.001003964656428235,10,False,191035052469220,10000,1.0,0,0,"{""-1"": 10000}"
wide20,17,340.0024612351181,84.00246123511812,0.001,10000,9960510,0.001003964656428235,10,True,191035052469220,3410,0.341,0,0,"{""-1"": 3410, ""0"": 6590}"
wide20,17,340.0024612351181,84.00246123511812,0.001,10000,9960510,0.001003964656428235,12,False,191035052469220,10000,1.0,0,0,"{""-1"": 10000}"
wide20,17,340.0024612351181,84.00246123511812,0.001,10000,9960510,0.001003964656428235,12,True,191035052469220,1183,0.1183,0,0,"{""-1"": 1183, ""0"": 8817}"
wide20,17,340.0024612351181,84.00246123511812,0.001,10000,9960510,0.001003964656428235,14,False,191035052469220,5008,0.5008,4992,0,"{""-1"": 5008, ""0"": 4992}"
wide20,17,340.0024612351181,84.00246123511812,0.001,10000,9960510,0.001003964656428235,14,True,191035052469220,308,0.0308,4992,0,"{""-1"": 308, ""0"": 9692}"
wide20,17,340.0024612351181,84.00246123511812,0.001,10000,9960510,0.001003964656428235,16,False,191035052469220,1271,0.1271,8729,0,"{""-1"": 1271, ""0"": 8729}"
wide20,17,340.0024612351181,84.00246123511812,0.001,10000,9960510,0.001003964656428235,16,True,191035052469220,69,0.0069,8729,0,"{""-1"": 69, ""0"": 9931}"
wide20,17,340.0024612351181,84.00246123511812,0.005,10000,2008181,0.004979630820130257,6,False,191035631387130,10000,1.0,0,0,"{""-1"": 10000}"
wide20,17,340.0024612351181,84.00246123511812,0.005,10000,2008181,0.004979630820130257,6,True,191035631387130,4444,0.4444,0,0,"{""-1"": 4444, ""0"": 5556}"
wide20,17,340.0024612351181,84.00246123511812,0.005,10000,2008181,0.004979630820130257,8,False,191035631387130,10000,1.0,0,0,"{""-1"": 10000}"
wide20,17,340.0024612351181,84.00246123511812,0.005,10000,2008181,0.004979630820130257,8,True,191035631387130,3059,0.3059,0,0,"{""-1"": 3059, ""0"": 6941}"
wide20,17,340.0024612351181,84.00246123511812,0.005,10000,2008181,0.004979630820130257,10,False,191035631387130,9996,0.9996,4,0,"{""-1"": 9996, ""0"": 4}"
wide20,17,340.0024612351181,84.00246123511812,0.005,10000,2008181,0.004979630820130257,10,True,191035631387130,882,0.0882,4,0,"{""-1"": 882, ""0"": 9118}"
wide20,17,340.0024612351181,84.00246123511812,0.005,10000,2008181,0.004979630820130257,12,False,191035631387130,3854,0.3854,6146,0,"{""-1"": 3854, ""0"": 6146}"
wide20,17,340.0024612351181,84.00246123511812,0.005,10000,2008181,0.004979630820130257,12,True,191035631387130,188,0.0188,6146,0,"{""-1"": 188, ""0"": 9812}"
wide20,17,340.0024612351181,84.00246123511812,0.005,10000,2008181,0.004979630820130257,14,False,191035631387130,927,0.0927,9073,0,"{""-1"": 927, ""0"": 9073}"
wide20,17,340.0024612351181,84.00246123511812,0.005,10000,2008181,0.004979630820130257,14,True,191035631387130,57,0.0057,9073,0,"{""-1"": 57, ""0"": 9943}"
wide20,17,340.0024612351181,84.00246123511812,0.005,10000,2008181,0.004979630820130257,16,False,191035631387130,222,0.0222,9778,0,"{""-1"": 222, ""0"": 9778}"
wide20,17,340.0024612351181,84.00246123511812,0.005,10000,2008181,0.004979630820130257,16,True,191035631387130,15,0.0015,9778,0,"{""-1"": 15, ""0"": 9985}"
wide20,17,340.0024612351181,84.00246123511812,0.01,10000,987783,0.01012368101091029,6,False,191033032483545,10000,1.0,0,0,"{""-1"": 10000}"
wide20,17,340.0024612351181,84.00246123511812,0.01,10000,987783,0.01012368101091029,6,True,191033032483545,3962,0.3962,0,0,"{""-1"": 3962, ""0"": 6038}"
wide20,17,340.0024612351181,84.00246123511812,0.01,10000,987783,0.01012368101091029,8,False,191033032483545,10000,1.0,0,0,"{""-1"": 10000}"
wide20,17,340.0024612351181,84.00246123511812,0.01,10000,987783,0.01012368101091029,8,True,191033032483545,1804,0.1804,0,0,"{""-1"": 1804, ""0"": 8196}"
wide20,17,340.0024612351181,84.00246123511812,0.01,10000,987783,0.01012368101091029,10,False,191033032483545,7802,0.7802,2198,0,"{""-1"": 7802, ""0"": 2198}"
wide20,17,340.0024612351181,84.00246123511812,0.01,10000,987783,0.01012368101091029,10,True,191033032483545,461,0.0461,2198,0,"{""-1"": 461, ""0"": 9539}"
wide20,17,340.0024612351181,84.00246123511812,0.01,10000,987783,0.01012368101091029,12,False,191033032483545,2012,0.2012,7988,0,"{""-1"": 2012, ""0"": 7988}"
wide20,17,340.0024612351181,84.00246123511812,0.01,10000,987783,0.01012368101091029,12,True,191033032483545,129,0.0129,7988,0,"{""-1"": 129, ""0"": 9871}"
wide20,17,340.0024612351181,84.00246123511812,0.01,10000,987783,0.01012368101091029,14,False,191033032483545,510,0.051,9490,0,"{""-1"": 510, ""0"": 9490}"
wide20,17,340.0024612351181,84.00246123511812,0.01,10000,987783,0.01012368101091029,14,True,191033032483545,34,0.0034,9490,0,"{""-1"": 34, ""0"": 9966}"
wide20,17,340.0024612351181,84.00246123511812,0.01,10000,987783,0.01012368101091029,16,False,191033032483545,133,0.0133,9867,0,"{""-1"": 133, ""0"": 9867}"
wide20,17,340.0024612351181,84.00246123511812,0.01,10000,987783,0.01012368101091029,16,True,191033032483545,4,0.0004,9867,0,"{""-1"": 4, ""0"": 9996}"
wide20,17,340.0024612351181,84.00246123511812,0.05,10000,199582,0.050104718862422466,6,False,191035455066770,10000,1.0,0,0,"{""-1"": 10000}"
wide20,17,340.0024612351181,84.00246123511812,0.05,10000,199582,0.050104718862422466,6,True,191035455066770,1548,0.1548,0,0,"{""-1"": 1548, ""0"": 8452}"
wide20,17,340.0024612351181,84.00246123511812,0.05,10000,199582,0.050104718862422466,8,False,191035455066770,6275,0.6275,3725,0,"{""-1"": 6275, ""0"": 3725}"
wide20,17,340.0024612351181,84.00246123511812,0.05,10000,199582,0.050104718862422466,8,True,191035455066770,365,0.0365,3725,0,"{""-1"": 365, ""0"": 9635}"
wide20,17,340.0024612351181,84.00246123511812,0.05,10000,199582,0.050104718862422466,10,False,191035455066770,1575,0.1575,8425,0,"{""-1"": 1575, ""0"": 8425}"
wide20,17,340.0024612351181,84.00246123511812,0.05,10000,199582,0.050104718862422466,10,True,191035455066770,101,0.0101,8425,0,"{""-1"": 101, ""0"": 9899}"
wide20,17,340.0024612351181,84.00246123511812,0.05,10000,199582,0.050104718862422466,12,False,191035455066770,367,0.0367,9633,0,"{""-1"": 367, ""0"": 9633}"
wide20,17,340.0024612351181,84.00246123511812,0.05,10000,199582,0.050104718862422466,12,True,191035455066770,24,0.0024,9633,0,"{""-1"": 24, ""0"": 9976}"
wide20,17,340.0024612351181,84.00246123511812,0.05,10000,199582,0.050104718862422466,14,False,191035455066770,88,0.0088,9912,0,"{""-1"": 88, ""0"": 9912}"
wide20,17,340.0024612351181,84.00246123511812,0.05,10000,199582,0.050104718862422466,14,True,191035455066770,5,0.0005,9912,0,"{""-1"": 5, ""0"": 9995}"
wide20,17,340.0024612351181,84.00246123511812,0.05,10000,199582,0.050104718862422466,16,False,191035455066770,18,0.0018,9982,0,"{""-1"": 18, ""0"": 9982}"
wide20,17,340.0024612351181,84.00246123511812,0.05,10000,199582,0.050104718862422466,16,True,191035455066770,0,0.0,9982,0,"{""0"": 10000}"
