family,k_c,log2_M_c,log2_M_c_minus_log2_p,distribution,precision_bits,use_offset,n_samples,seed,aborts,abort_rate,certified_correct,certified_when_wrong,diff_distribution,elapsed_seconds
standard17,12,192.00946193243772,-63.990538067562284,product_modMc,6,False,1000000,12841861915438,86136,0.086136,812250,0,"{""-1"": 86136, ""0"": 913864}",4.383
standard17,12,192.00946193243772,-63.990538067562284,product_modMc,6,True,1000000,12839154270208,13643,0.013643,812442,0,"{""-1"": 2878, ""0"": 986357, ""1"": 10765}",5.006
standard17,12,192.00946193243772,-63.990538067562284,product_modMc,8,False,1000000,12838186228037,21592,0.021592,953131,0,"{""-1"": 21592, ""0"": 978408}",5.722
standard17,12,192.00946193243772,-63.990538067562284,product_modMc,8,True,1000000,12841719445015,3304,0.003304,952922,0,"{""-1"": 703, ""0"": 996696, ""1"": 2601}",4.627
standard17,12,192.00946193243772,-63.990538067562284,product_modMc,10,False,1000000,12839811864266,5408,0.005408,988299,0,"{""-1"": 5408, ""0"": 994592}",4.079
standard17,12,192.00946193243772,-63.990538067562284,product_modMc,10,True,1000000,12839385920412,863,0.000863,988117,0,"{""-1"": 175, ""0"": 999137, ""1"": 688}",4.095
standard17,12,192.00946193243772,-63.990538067562284,product_modMc,12,False,1000000,12838283398369,1304,0.001304,997100,0,"{""-1"": 1304, ""0"": 998696}",5.423
standard17,12,192.00946193243772,-63.990538067562284,product_modMc,12,True,1000000,12840239819187,195,0.000195,996996,0,"{""-1"": 41, ""0"": 999805, ""1"": 154}",5.827
standard17,12,192.00946193243772,-63.990538067562284,product_modMc,14,False,1000000,12840580385382,357,0.000357,999260,0,"{""-1"": 357, ""0"": 999643}",5.716
standard17,12,192.00946193243772,-63.990538067562284,product_modMc,14,True,1000000,12837704705848,56,5.6e-05,999237,0,"{""-1"": 11, ""0"": 999944, ""1"": 45}",5.576
standard17,12,192.00946193243772,-63.990538067562284,product_modMc,16,False,1000000,12840930967677,77,7.7e-05,999812,0,"{""-1"": 77, ""0"": 999923}",5.999
standard17,12,192.00946193243772,-63.990538067562284,product_modMc,16,True,1000000,12838627272662,17,1.7e-05,999820,0,"{""-1"": 1, ""0"": 999983, ""1"": 16}",6.171
standard17,13,208.01150776267116,-47.98849223732884,product_modMc,6,False,1000000,12838801782942,93394,0.093394,797291,0,"{""-1"": 93394, ""0"": 906606}",5.897
standard17,13,208.01150776267116,-47.98849223732884,product_modMc,6,True,1000000,12838610720112,12305,0.012305,796454,0,"{""-1"": 6106, ""0"": 987695, ""1"": 6199}",5.925
standard17,13,208.01150776267116,-47.98849223732884,product_modMc,8,False,1000000,12841836981941,23481,0.023481,949319,0,"{""-1"": 23481, ""0"": 976519}",6.164
standard17,13,208.01150776267116,-47.98849223732884,product_modMc,8,True,1000000,12839229737863,3014,0.003014,949125,0,"{""-1"": 1522, ""0"": 996986, ""1"": 1492}",5.64
standard17,13,208.01150776267116,-47.98849223732884,product_modMc,10,False,1000000,12839301868602,5932,0.005932,987150,0,"{""-1"": 5932, ""0"": 994068}",6.099
standard17,13,208.01150776267116,-47.98849223732884,product_modMc,10,True,1000000,12840989853964,825,0.000825,987109,0,"{""-1"": 417, ""0"": 999175, ""1"": 408}",5.839
standard17,13,208.01150776267116,-47.98849223732884,product_modMc,12,False,1000000,12839887331921,1534,0.001534,996681,0,"{""-1"": 1534, ""0"": 998466}",6.304
standard17,13,208.01150776267116,-47.98849223732884,product_modMc,12,True,1000000,12839729823523,195,0.000195,996811,0,"{""-1"": 99, ""0"": 999805, ""1"": 96}",6.142
standard17,13,208.01150776267116,-47.98849223732884,product_modMc,14,False,1000000,12838645573054,343,0.000343,999238,0,"{""-1"": 343, ""0"": 999657}",6.192
standard17,13,208.01150776267116,-47.98849223732884,product_modMc,14,True,1000000,12837986045207,52,5.2e-05,999238,0,"{""-1"": 23, ""0"": 999948, ""1"": 29}",5.538
standard17,13,208.01150776267116,-47.98849223732884,product_modMc,16,False,1000000,12841178752604,104,0.000104,999780,0,"{""-1"": 104, ""0"": 999896}",6.33
standard17,13,208.01150776267116,-47.98849223732884,product_modMc,16,True,1000000,12840685437742,11,1.1e-05,999810,0,"{""-1"": 6, ""0"": 999989, ""1"": 5}",6.201
standard17,14,224.01364152056328,-31.986358479436717,product_modMc,6,False,1000000,12839980837259,101928,0.101928,780877,0,"{""-1"": 101928, ""0"": 898072}",6.185
standard17,14,224.01364152056328,-31.986358479436717,product_modMc,6,True,1000000,12841468793060,14450,0.01445,781248,0,"{""-1"": 3408, ""0"": 985550, ""1"": 11042}",6.254
standard17,14,224.01364152056328,-31.986358479436717,product_modMc,8,False,1000000,12840384542591,25452,0.025452,945522,0,"{""-1"": 25452, ""0"": 974548}",6.173
standard17,14,224.01364152056328,-31.986358479436717,product_modMc,8,True,1000000,12838114402008,3700,0.0037,945770,0,"{""-1"": 821, ""0"": 996300, ""1"": 2879}",6.138
standard17,14,224.01364152056328,-31.986358479436717,product_modMc,10,False,1000000,12841003560342,6320,0.00632,986480,0,"{""-1"": 6320, ""0"": 993680}",6.627
standard17,14,224.01364152056328,-31.986358479436717,product_modMc,10,True,1000000,12840813794543,900,0.0009,986235,0,"{""-1"": 219, ""0"": 999100, ""1"": 681}",6.325
standard17,14,224.01364152056328,-31.986358479436717,product_modMc,12,False,1000000,12838871362331,1590,0.00159,996570,0,"{""-1"": 1590, ""0"": 998410}",5.746
standard17,14,224.01364152056328,-31.986358479436717,product_modMc,12,True,1000000,12838211572340,254,0.000254,996560,0,"{""-1"": 66, ""0"": 999746, ""1"": 188}",4.601
standard17,14,224.01364152056328,-31.986358479436717,product_modMc,14,False,1000000,12841637863730,374,0.000374,999194,0,"{""-1"": 374, ""0"": 999626}",4.614
standard17,14,224.01364152056328,-31.986358479436717,product_modMc,14,True,1000000,12839199950987,60,6e-05,999128,0,"{""-1"": 12, ""0"": 999940, ""1"": 48}",4.655
standard17,14,224.01364152056328,-31.986358479436717,product_modMc,16,False,1000000,12841250234039,109,0.000109,999763,0,"{""-1"": 109, ""0"": 999891}",6.312
standard17,14,224.01364152056328,-31.986358479436717,product_modMc,16,True,1000000,12841094022672,7,7e-06,999777,0,"{""-1"": 1, ""0"": 999993, ""1"": 6}",6.852
standard17,15,240.01608298306616,-15.983917016933844,product_modMc,6,False,1000000,12838229651921,108816,0.108816,766500,0,"{""-1"": 108816, ""0"": 891184}",6.506
standard17,15,240.01608298306616,-15.983917016933844,product_modMc,6,True,1000000,12838073440554,13391,0.013391,765883,0,"{""-1"": 6637, ""0"": 986609, ""1"": 6754}",6.328
standard17,15,240.01608298306616,-15.983917016933844,product_modMc,8,False,1000000,12840996415464,27489,0.027489,941259,0,"{""-1"": 27489, ""0"": 972511}",6.96
standard17,15,240.01608298306616,-15.983917016933844,product_modMc,8,True,1000000,12840839941953,3316,0.003316,941505,0,"{""-1"": 1739, ""0"": 996684, ""1"": 1577}",6.211
standard17,15,240.01608298306616,-15.983917016933844,product_modMc,10,False,1000000,12841044993389,6829,0.006829,985213,0,"{""-1"": 6829, ""0"": 993171}",6.513
standard17,15,240.01608298306616,-15.983917016933844,product_modMc,10,True,1000000,12838305090758,845,0.000845,985439,0,"{""-1"": 422, ""0"": 999155, ""1"": 423}",6.547
standard17,15,240.01608298306616,-15.983917016933844,product_modMc,12,False,1000000,12841497536011,1720,0.00172,996345,0,"{""-1"": 1720, ""0"": 998280}",6.597
standard17,15,240.01608298306616,-15.983917016933844,product_modMc,12,True,1000000,12839192543965,199,0.000199,996294,0,"{""-1"": 91, ""0"": 999801, ""1"": 108}",6.803
standard17,15,240.01608298306616,-15.983917016933844,product_modMc,14,False,1000000,12838108293496,443,0.000443,999075,0,"{""-1"": 443, ""0"": 999557}",6.853
standard17,15,240.01608298306616,-15.983917016933844,product_modMc,14,True,1000000,12839596249297,48,4.8e-05,999110,0,"{""-1"": 27, ""0"": 999952, ""1"": 21}",6.742
standard17,15,240.01608298306616,-15.983917016933844,product_modMc,16,False,1000000,12840875057039,99,9.9e-05,999793,0,"{""-1"": 99, ""0"": 999901}",7.274
standard17,15,240.01608298306616,-15.983917016933844,product_modMc,16,True,1000000,12840148158184,13,1.3e-05,999774,0,"{""-1"": 8, ""0"": 999987, ""1"": 5}",6.849
standard17,16,256.0186123491192,0.01861234911922338,product_modMc,6,False,1000000,12837887428417,117185,0.117185,750226,0,"{""-1"": 117185, ""0"": 882815}",6.94
standard17,16,256.0186123491192,0.01861234911922338,product_modMc,6,True,1000000,12841858412186,15347,0.015347,749966,0,"{""-1"": 3798, ""0"": 984653, ""1"": 11549}",6.906
standard17,16,256.0186123491192,0.01861234911922338,product_modMc,8,False,1000000,12839096454599,29199,0.029199,937354,0,"{""-1"": 29199, ""0"": 970801}",6.984
standard17,16,256.0186123491192,0.01861234911922338,product_modMc,8,True,1000000,12838772471072,3810,0.00381,937758,0,"{""-1"": 933, ""0"": 996190, ""1"": 2877}",6.573
standard17,16,256.0186123491192,0.01861234911922338,product_modMc,10,False,1000000,12841393441612,7433,0.007433,984448,0,"{""-1"": 7433, ""0"": 992567}",7.158
standard17,16,256.0186123491192,0.01861234911922338,product_modMc,10,True,1000000,12838586167973,910,0.00091,984237,0,"{""-1"": 241, ""0"": 999090, ""1"": 669}",7.378
standard17,16,256.0186123491192,0.01861234911922338,product_modMc,12,False,1000000,12839596540259,1836,0.001836,996098,0,"{""-1"": 1836, ""0"": 998164}",6.893
standard17,16,256.0186123491192,0.01861234911922338,product_modMc,12,True,1000000,12839406774460,239,0.000239,996013,0,"{""-1"": 59, ""0"": 999761, ""1"": 180}",6.973
standard17,16,256.0186123491192,0.01861234911922338,product_modMc,14,False,1000000,12841490611944,428,0.000428,999047,0,"{""-1"": 428, ""0"": 999572}",6.786
standard17,16,256.0186123491192,0.01861234911922338,product_modMc,14,True,1000000,12841367955009,82,8.2e-05,999004,0,"{""-1"": 18, ""0"": 999918, ""1"": 64}",7.126
standard17,16,256.0186123491192,0.01861234911922338,product_modMc,16,False,1000000,12838083359999,135,0.000135,999741,0,"{""-1"": 135, ""0"": 999865}",7.341
standard17,16,256.0186123491192,0.01861234911922338,product_modMc,16,True,1000000,12839638162520,16,1.6e-05,999771,0,"{""-1"": 2, ""0"": 999984, ""1"": 14}",7.307
standard17,16,256.0186123491192,0.01861234911922338,product_modp,6,False,1000000,12840885286585,118978,0.118978,759821,0,"{""-1"": 118978, ""0"": 881022}",5.978
standard17,16,256.0186123491192,0.01861234911922338,product_modp,6,True,1000000,12840762367506,8651,0.008651,759057,0,"{""-1"": 3854, ""0"": 991349, ""1"": 4797}",6.308
standard17,16,256.0186123491192,0.01861234911922338,product_modp,8,False,1000000,12838551499838,29592,0.029592,949574,0,"{""-1"": 29592, ""0"": 970408}",6.434
standard17,16,256.0186123491192,0.01861234911922338,product_modp,8,True,1000000,12838261070743,995,0.000995,949782,0,"{""-1"": 985, ""0"": 999005, ""1"": 10}",5.836
standard17,16,256.0186123491192,0.01861234911922338,product_modp,10,False,1000000,12839506061909,7341,0.007341,992659,0,"{""-1"": 7341, ""0"": 992659}",6.099
standard17,16,256.0186123491192,0.01861234911922338,product_modp,10,True,1000000,12838812979630,215,0.000215,992586,0,"{""-1"": 215, ""0"": 999785}",6.12
standard17,16,256.0186123491192,0.01861234911922338,product_modp,12,False,1000000,12841199069146,1795,0.001795,998205,0,"{""-1"": 1795, ""0"": 998205}",6.108
standard17,16,256.0186123491192,0.01861234911922338,product_modp,12,True,1000000,12841042595635,48,4.8e-05,998150,0,"{""-1"": 48, ""0"": 999952}",6.193
standard17,16,256.0186123491192,0.01861234911922338,product_modp,14,False,1000000,12840040999032,476,0.000476,999524,0,"{""-1"": 476, ""0"": 999524}",6.174
standard17,16,256.0186123491192,0.01861234911922338,product_modp,14,True,1000000,12839313065290,17,1.7e-05,999546,0,"{""-1"": 17, ""0"": 999983}",6.154
standard17,16,256.0186123491192,0.01861234911922338,product_modp,16,False,1000000,12840358026895,121,0.000121,999879,0,"{""-1"": 121, ""0"": 999879}",6.494
standard17,16,256.0186123491192,0.01861234911922338,product_modp,16,True,1000000,12839932083041,4,4e-06,999882,0,"{""-1"": 4, ""0"": 999996}",6.978
standard17,17,272.0212735604559,16.02127356045588,product_modMc,6,False,1000000,12840478570855,125621,0.125621,733747,0,"{""-1"": 125621, ""0"": 874379}",6.986
standard17,17,272.0212735604559,16.02127356045588,product_modMc,6,True,1000000,12837871326777,14368,0.014368,734303,0,"{""-1"": 7170, ""0"": 985632, ""1"": 7198}",7.247
standard17,17,272.0212735604559,16.02127356045588,product_modMc,8,False,1000000,12838950104958,31119,0.031119,933874,0,"{""-1"": 31119, ""0"": 968881}",7.598
standard17,17,272.0212735604559,16.02127356045588,product_modMc,8,True,1000000,12838659675863,3693,0.003693,933438,0,"{""-1"": 1902, ""0"": 996307, ""1"": 1791}",7.124
standard17,17,272.0212735604559,16.02127356045588,product_modMc,10,False,1000000,12840743513347,7642,0.007642,983580,0,"{""-1"": 7642, ""0"": 992358}",7.438
standard17,17,272.0212735604559,16.02127356045588,product_modMc,10,True,1000000,12840553747548,818,0.000818,983640,0,"{""-1"": 416, ""0"": 999182, ""1"": 402}",7.393
standard17,17,272.0212735604559,16.02127356045588,product_modMc,12,False,1000000,12841563857690,1889,0.001889,995890,0,"{""-1"": 1889, ""0"": 998111}",7.19
standard17,17,272.0212735604559,16.02127356045588,product_modMc,12,True,1000000,12840904329843,206,0.000206,995920,0,"{""-1"": 92, ""0"": 999794, ""1"": 114}",7.727
standard17,17,272.0212735604559,16.02127356045588,product_modMc,14,False,1000000,12839230333087,490,0.00049,998905,0,"{""-1"": 490, ""0"": 999510}",7.221
standard17,17,272.0212735604559,16.02127356045588,product_modMc,14,True,1000000,12838906349560,66,6.6e-05,998967,0,"{""-1"": 28, ""0"": 999934, ""1"": 38}",7.244
standard17,17,272.0212735604559,16.02127356045588,product_modMc,16,False,1000000,12841795507894,123,0.000123,999739,0,"{""-1"": 123, ""0"": 999877}",7.97
standard17,17,272.0212735604559,16.02127356045588,product_modMc,16,True,1000000,12841672850959,13,1.3e-05,999735,0,"{""-1"": 5, ""0"": 999987, ""1"": 8}",8.46
standard17,17,272.0212735604559,16.02127356045588,product_modp,6,False,1000000,12840772229232,1000000,1.0,0,0,"{""-1"": 1000000}",6.725
standard17,17,272.0212735604559,16.02127356045588,product_modp,6,True,1000000,12840179810249,499834,0.499834,0,0,"{""-1"": 499834, ""0"": 500166}",5.979
standard17,17,272.0212735604559,16.02127356045588,product_modp,8,False,1000000,12841189920391,1000000,1.0,0,0,"{""-1"": 1000000}",6.097
standard17,17,272.0212735604559,16.02127356045588,product_modp,8,True,1000000,12841067263456,499003,0.499003,0,0,"{""-1"": 499003, ""0"": 500997}",6.364
standard17,17,272.0212735604559,16.02127356045588,product_modp,10,False,1000000,12838856395788,1000000,1.0,0,0,"{""-1"": 1000000}",6.646
standard17,17,272.0212735604559,16.02127356045588,product_modp,10,True,1000000,12838666629989,497231,0.497231,0,0,"{""-1"": 497231, ""0"": 502769}",6.852
standard17,17,272.0212735604559,16.02127356045588,product_modp,12,False,1000000,12839577373866,1000000,1.0,0,0,"{""-1"": 1000000}",6.574
standard17,17,272.0212735604559,16.02127356045588,product_modp,12,True,1000000,12841164695932,488629,0.488629,0,0,"{""-1"": 488629, ""0"": 511371}",6.859
standard17,17,272.0212735604559,16.02127356045588,product_modp,14,False,1000000,12839490437032,1000000,1.0,0,0,"{""-1"": 1000000}",6.879
standard17,17,272.0212735604559,16.02127356045588,product_modp,14,True,1000000,12841347491585,458089,0.458089,0,0,"{""-1"": 458089, ""0"": 541911}",6.601
standard17,17,272.0212735604559,16.02127356045588,product_modp,16,False,1000000,12840699463214,1000000,1.0,0,0,"{""-1"": 1000000}",7.317
standard17,17,272.0212735604559,16.02127356045588,product_modp,16,True,1000000,12840375479687,340363,0.340363,0,0,"{""-1"": 340363, ""0"": 659637}",7.2
wide20,12,240.00111989781973,-15.998880102180266,product_modMc,6,False,1000000,12841600385787,85641,0.085641,812349,0,"{""-1"": 85641, ""0"": 914359}",5.627
wide20,12,240.00111989781973,-15.998880102180266,product_modMc,6,True,1000000,12841140625357,13427,0.013427,812390,0,"{""-1"": 2898, ""0"": 986573, ""1"": 10529}",5.83
wide20,12,240.00111989781973,-15.998880102180266,product_modMc,8,False,1000000,12841345676793,21691,0.021691,952624,0,"{""-1"": 21691, ""0"": 978309}",5.641
wide20,12,240.00111989781973,-15.998880102180266,product_modMc,8,True,1000000,12840619040082,3380,0.00338,952976,0,"{""-1"": 779, ""0"": 996620, ""1"": 2601}",5.976
wide20,12,240.00111989781973,-15.998880102180266,product_modMc,10,False,1000000,12841798219415,5308,0.005308,988377,0,"{""-1"": 5308, ""0"": 994692}",5.916
wide20,12,240.00111989781973,-15.998880102180266,product_modMc,10,True,1000000,12841238057833,782,0.000782,988440,0,"{""-1"": 133, ""0"": 999218, ""1"": 649}",6.036
wide20,12,240.00111989781973,-15.998880102180266,product_modMc,12,False,1000000,12838390967470,1378,0.001378,997038,0,"{""-1"": 1378, ""0"": 998622}",6.387
wide20,12,240.00111989781973,-15.998880102180266,product_modMc,12,True,1000000,12837897652608,209,0.000209,997109,0,"{""-1"": 43, ""0"": 999791, ""1"": 166}",6.295
wide20,12,240.00111989781973,-15.998880102180266,product_modMc,14,False,1000000,12840285039155,310,0.00031,999282,0,"{""-1"": 310, ""0"": 999690}",6.17
wide20,12,240.00111989781973,-15.998880102180266,product_modMc,14,True,1000000,12841738143493,46,4.6e-05,999283,0,"{""-1"": 5, ""0"": 999954, ""1"": 41}",6.218
wide20,12,240.00111989781973,-15.998880102180266,product_modMc,16,False,1000000,12841494065337,81,8.1e-05,999797,0,"{""-1"": 81, ""0"": 999919}",6.387
wide20,12,240.00111989781973,-15.998880102180266,product_modMc,16,True,1000000,12839189073291,6,6e-06,999836,0,"{""0"": 999994, ""1"": 6}",6.306
wide20,13,260.0013193839023,4.001319383902285,product_modMc,6,False,1000000,12838081557480,93666,0.093666,796694,0,"{""-1"": 93666, ""0"": 906334}",6.051
wide20,13,260.0013193839023,4.001319383902285,product_modMc,6,True,1000000,12841817660225,12717,0.012717,796740,0,"{""-1"": 6332, ""0"": 987283, ""1"": 6385}",6.232
wide20,13,260.0013193839023,4.001319383902285,product_modMc,8,False,1000000,12837694189933,23642,0.023642,949061,0,"{""-1"": 23642, ""0"": 976358}",6.09
wide20,13,260.0013193839023,4.001319383902285,product_modMc,8,True,1000000,12839685200070,3158,0.003158,948854,0,"{""-1"": 1558, ""0"": 996842, ""1"": 1600}",6.21
wide20,13,260.0013193839023,4.001319383902285,product_modMc,10,False,1000000,12840460691332,6106,0.006106,987088,0,"{""-1"": 6106, ""0"": 993894}",6.003
wide20,13,260.0013193839023,4.001319383902285,product_modMc,10,True,1000000,12840304479965,787,0.000787,987344,0,"{""-1"": 365, ""0"": 999213, ""1"": 422}",6.221
wide20,13,260.0013193839023,4.001319383902285,product_modMc,12,False,1000000,12839253783928,1395,0.001395,996981,0,"{""-1"": 1395, ""0"": 998605}",6.617
wide20,13,260.0013193839023,4.001319383902285,product_modMc,12,True,1000000,12840708185297,190,0.00019,996787,0,"{""-1"": 99, ""0"": 999810, ""1"": 91}",6.777
wide20,13,260.0013193839023,4.001319383902285,product_modMc,14,False,1000000,12841684741007,392,0.000392,999163,0,"{""-1"": 392, ""0"": 999608}",6.592
wide20,13,260.0013193839023,4.001319383902285,product_modMc,14,True,1000000,12841662747368,46,4.6e-05,999206,0,"{""-1"": 22, ""0"": 999954, ""1"": 24}",6.842
wide20,13,260.0013193839023,4.001319383902285,product_modMc,16,False,1000000,12839720315156,86,8.6e-05,999815,0,"{""-1"": 86, ""0"": 999914}",6.617
wide20,13,260.0013193839023,4.001319383902285,product_modMc,16,True,1000000,12839060525165,16,1.6e-05,999785,0,"{""-1"": 5, ""0"": 999984, ""1"": 11}",6.609
wide20,13,260.0013193839023,4.001319383902285,product_modp,6,False,1000000,12839551165670,998035,0.998035,1965,0,"{""-1"": 998035, ""0"": 1965}",5.421
wide20,13,260.0013193839023,4.001319383902285,product_modp,6,True,1000000,12839125221816,99899,0.099899,1940,0,"{""-1"": 99899, ""0"": 900101}",5.489
wide20,13,260.0013193839023,4.001319383902285,product_modp,8,False,1000000,12840170183421,375218,0.375218,624782,0,"{""-1"": 375218, ""0"": 624782}",5.658
wide20,13,260.0013193839023,4.001319383902285,product_modp,8,True,1000000,12837798082511,25150,0.02515,624218,0,"{""-1"": 25150, ""0"": 974850}",5.612
wide20,13,260.0013193839023,4.001319383902285,product_modp,10,False,1000000,12838928424554,93193,0.093193,906807,0,"{""-1"": 93193, ""0"": 906807}",5.604
wide20,13,260.0013193839023,4.001319383902285,product_modp,10,True,1000000,12840349271491,6371,0.006371,905819,0,"{""-1"": 6371, ""0"": 993629}",5.519
wide20,13,260.0013193839023,4.001319383902285,product_modp,12,False,1000000,12839381229320,23076,0.023076,976924,0,"{""-1"": 23076, ""0"": 976924}",5.895
wide20,13,260.0013193839023,4.001319383902285,product_modp,12,True,1000000,12840968289242,1550,0.00155,976320,0,"{""-1"": 1550, ""0"": 998450}",5.84
wide20,13,260.0013193839023,4.001319383902285,product_modp,14,False,1000000,12839025857030,5738,0.005738,994262,0,"{""-1"": 5738, ""0"": 994262}",6.039
wide20,13,260.0013193839023,4.001319383902285,product_modp,14,True,1000000,12838970308959,366,0.000366,994109,0,"{""-1"": 366, ""0"": 999634}",5.851
wide20,13,260.0013193839023,4.001319383902285,product_modp,16,False,1000000,12837867786916,1419,0.001419,998581,0,"{""-1"": 1419, ""0"": 998581}",6.146
wide20,13,260.0013193839023,4.001319383902285,product_modp,16,True,1000000,12841468374902,101,0.000101,998516,0,"{""-1"": 101, ""0"": 999899}",5.193
wide20,14,280.00157114453486,24.001571144534864,product_modMc,6,False,1000000,12841919652149,101903,0.101903,781161,0,"{""-1"": 101903, ""0"": 898097}",5.007
wide20,14,280.00157114453486,24.001571144534864,product_modMc,6,True,1000000,12839044234759,14500,0.0145,781326,0,"{""-1"": 3440, ""0"": 985500, ""1"": 11060}",5.293
wide20,14,280.00157114453486,24.001571144534864,product_modMc,8,False,1000000,12837941712716,25669,0.025669,945169,0,"{""-1"": 25669, ""0"": 974331}",5.053
wide20,14,280.00157114453486,24.001571144534864,product_modMc,8,True,1000000,12841810736158,3717,0.003717,945206,0,"{""-1"": 874, ""0"": 996283, ""1"": 2843}",4.875
wide20,14,280.00157114453486,24.001571144534864,product_modMc,10,False,1000000,12839903155409,6356,0.006356,986140,0,"{""-1"": 6356, ""0"": 993644}",5.102
wide20,14,280.00157114453486,24.001571144534864,product_modMc,10,True,1000000,12839678276003,888,0.000888,986297,0,"{""-1"": 192, ""0"": 999112, ""1"": 696}",4.64
wide20,14,280.00157114453486,24.001571144534864,product_modMc,12,False,1000000,12838710233832,1543,0.001543,996619,0,"{""-1"": 1543, ""0"": 998457}",4.884
wide20,14,280.00157114453486,24.001571144534864,product_modMc,12,True,1000000,12838050705985,227,0.000227,996606,0,"{""-1"": 40, ""0"": 999773, ""1"": 187}",4.796
wide20,14,280.00157114453486,24.001571144534864,product_modMc,14,False,1000000,12840402978925,375,0.000375,999150,0,"{""-1"": 375, ""0"": 999625}",4.835
wide20,14,280.00157114453486,24.001571144534864,product_modMc,14,True,1000000,12837762442559,52,5.2e-05,999123,0,"{""-1"": 7, ""0"": 999948, ""1"": 45}",4.845
wide20,14,280.00157114453486,24.001571144534864,product_modMc,16,False,1000000,12840955149956,107,0.000107,999768,0,"{""-1"": 107, ""0"": 999893}",4.88
wide20,14,280.00157114453486,24.001571144534864,product_modMc,16,True,1000000,12838684747229,9,9e-06,999800,0,"{""-1"": 4, ""0"": 999991, ""1"": 5}",4.829
wide20,14,280.00157114453486,24.001571144534864,product_modp,6,False,1000000,12837918343230,1000000,1.0,0,0,"{""-1"": 1000000}",4.05
wide20,14,280.00157114453486,24.001571144534864,product_modp,6,True,1000000,12839339190167,317404,0.317404,0,0,"{""-1"": 317404, ""0"": 682596}",4.067
wide20,14,280.00157114453486,24.001571144534864,product_modp,8,False,1000000,12840349562453,1000000,1.0,0,0,"{""-1"": 1000000}",4.053
wide20,14,280.00157114453486,24.001571144534864,product_modp,8,True,1000000,12840226905518,317598,0.317598,0,0,"{""-1"": 317598, ""0"": 682402}",4.076
wide20,14,280.00157114453486,24.001571144534864,product_modp,10,False,1000000,12838015775706,1000000,1.0,0,0,"{""-1"": 1000000}",4.142
wide20,14,280.00157114453486,24.001571144534864,product_modp,10,True,1000000,12837691792179,316817,0.316817,0,0,"{""-1"": 316817, ""0"": 683183}",4.145
wide20,14,280.00157114453486,24.001571144534864,product_modp,12,False,1000000,12838970337777,1000000,1.0,0,0,"{""-1"": 1000000}",4.458
wide20,14,280.00157114453486,24.001571144534864,product_modp,12,True,1000000,12840424739146,317488,0.317488,0,0,"{""-1"": 317488, ""0"": 682512}",4.569
wide20,14,280.00157114453486,24.001571144534864,product_modp,14,False,1000000,12838515861366,1000000,1.0,0,0,"{""-1"": 1000000}",4.496
wide20,14,280.00157114453486,24.001571144534864,product_modp,14,True,1000000,12838359649999,317112,0.317112,0,0,"{""-1"": 317112, ""0"": 682888}",4.455
wide20,14,280.00157114453486,24.001571144534864,product_modp,16,False,1000000,12840261758460,1000000,1.0,0,0,"{""-1"": 1000000}",4.49
wide20,14,280.00157114453486,24.001571144534864,product_modp,16,True,1000000,12841715897685,317424,0.317424,0,0,"{""-1"": 317424, ""0"": 682576}",4.494
wide20,15,300.0018559196968,44.00185591969682,product_modMc,6,False,1000000,12838432169445,109338,0.109338,765864,0,"{""-1"": 109338, ""0"": 890662}",4.787
wide20,15,300.0018559196968,44.00185591969682,product_modMc,6,True,1000000,12837739087166,13333,0.013333,765279,0,"{""-1"": 6624, ""0"": 986667, ""1"": 6709}",5.095
wide20,15,300.0018559196968,44.00185591969682,product_modMc,8,False,1000000,12838783013884,27194,0.027194,941469,0,"{""-1"": 27194, ""0"": 972806}",4.81
wide20,15,300.0018559196968,44.00185591969682,product_modMc,8,True,1000000,12840774024021,3381,0.003381,941588,0,"{""-1"": 1718, ""0"": 996619, ""1"": 1663}",4.793
wide20,15,300.0018559196968,44.00185591969682,product_modMc,10,False,1000000,12838563156353,7027,0.007027,985291,0,"{""-1"": 7027, ""0"": 992973}",4.886
wide20,15,300.0018559196968,44.00185591969682,product_modMc,10,True,1000000,12838239172826,890,0.00089,985515,0,"{""-1"": 454, ""0"": 999110, ""1"": 436}",4.874
wide20,15,300.0018559196968,44.00185591969682,product_modMc,12,False,1000000,12839517718424,1744,0.001744,996346,0,"{""-1"": 1744, ""0"": 998256}",5.166
wide20,15,300.0018559196968,44.00185591969682,product_modMc,12,True,1000000,12838858190577,183,0.000183,996424,0,"{""-1"": 89, ""0"": 999817, ""1"": 94}",5.439
wide20,15,300.0018559196968,44.00185591969682,product_modMc,14,False,1000000,12841210725661,463,0.000463,999064,0,"{""-1"": 463, ""0"": 999537}",5.381
wide20,15,300.0018559196968,44.00185591969682,product_modMc,14,True,1000000,12841020697718,49,4.9e-05,999120,0,"{""-1"": 25, ""0"": 999951, ""1"": 24}",5.22
wide20,15,300.0018559196968,44.00185591969682,product_modMc,16,False,1000000,12840808876963,98,9.8e-05,999793,0,"{""-1"": 98, ""0"": 999902}",5.262
wide20,15,300.0018559196968,44.00185591969682,product_modMc,16,True,1000000,12837934756604,15,1.5e-05,999765,0,"{""-1"": 11, ""0"": 999985, ""1"": 4}",5.382
wide20,15,300.0018559196968,44.00185591969682,product_modp,6,False,1000000,12839083160753,1000000,1.0,0,0,"{""-1"": 1000000}",4.503
wide20,15,300.0018559196968,44.00185591969682,product_modp,6,True,1000000,12838925390211,500504,0.500504,0,0,"{""-1"": 500504, ""0"": 499496}",4.241
wide20,15,300.0018559196968,44.00185591969682,product_modp,8,False,1000000,12838862006191,1000000,1.0,0,0,"{""-1"": 1000000}",4.229
wide20,15,300.0018559196968,44.00185591969682,product_modp,8,True,1000000,12838672240392,499204,0.499204,0,0,"{""-1"": 499204, ""0"": 500796}",4.213
wide20,15,300.0018559196968,44.00185591969682,product_modp,10,False,1000000,12839582984269,1000000,1.0,0,0,"{""-1"": 1000000}",4.282
wide20,15,300.0018559196968,44.00185591969682,product_modp,10,True,1000000,12839022822687,500136,0.500136,0,0,"{""-1"": 500136, ""0"": 499864}",4.273
wide20,15,300.0018559196968,44.00185591969682,product_modp,12,False,1000000,12839496309579,1000000,1.0,0,0,"{""-1"": 1000000}",4.576
wide20,15,300.0018559196968,44.00185591969682,product_modp,12,True,1000000,12841319547556,500177,0.500177,0,0,"{""-1"": 500177, ""0"": 499823}",4.572
wide20,15,300.0018559196968,44.00185591969682,product_modp,14,False,1000000,12838069804009,1000000,1.0,0,0,"{""-1"": 1000000}",4.579
wide20,15,300.0018559196968,44.00185591969682,product_modp,14,True,1000000,12839791343803,499606,0.499606,0,0,"{""-1"": 499606, ""0"": 500394}",4.574
wide20,15,300.0018559196968,44.00185591969682,product_modp,16,False,1000000,12838707093334,1000000,1.0,0,0,"{""-1"": 1000000}",4.599
wide20,15,300.0018559196968,44.00185591969682,product_modp,16,True,1000000,12838047565487,499779,0.499779,0,0,"{""-1"": 499779, ""0"": 500221}",4.603
wide20,16,320.00215445068966,64.00215445068966,product_modMc,6,False,1000000,12839968994133,116870,0.11687,750035,0,"{""-1"": 116870, ""0"": 883130}",4.846
wide20,16,320.00215445068966,64.00215445068966,product_modMc,6,True,1000000,12841524058798,15788,0.015788,750012,0,"{""-1"": 3939, ""0"": 984212, ""1"": 11849}",4.856
wide20,16,320.00215445068966,64.00215445068966,product_modMc,8,False,1000000,12838239463788,29118,0.029118,937346,0,"{""-1"": 29118, ""0"": 970882}",4.868
wide20,16,320.00215445068966,64.00215445068966,product_modMc,8,True,1000000,12838116544709,3780,0.00378,937189,0,"{""-1"": 914, ""0"": 996220, ""1"": 2866}",4.847
wide20,16,320.00215445068966,64.00215445068966,product_modMc,10,False,1000000,12841327523680,7256,0.007256,984284,0,"{""-1"": 7256, ""0"": 992744}",4.937
wide20,16,320.00215445068966,64.00215445068966,product_modMc,10,True,1000000,12840767099954,966,0.000966,984312,0,"{""-1"": 243, ""0"": 999034, ""1"": 723}",4.943
wide20,16,320.00215445068966,64.00215445068966,product_modMc,12,False,1000000,12839799057783,1772,0.001772,996220,0,"{""-1"": 1772, ""0"": 998228}",5.235
wide20,16,320.00215445068966,64.00215445068966,product_modMc,12,True,1000000,12839072421072,235,0.000235,996097,0,"{""-1"": 51, ""0"": 999765, ""1"": 184}",5.256
wide20,16,320.00215445068966,64.00215445068966,product_modMc,14,False,1000000,12841424694012,465,0.000465,999070,0,"{""-1"": 465, ""0"": 999535}",5.253
wide20,16,320.00215445068966,64.00215445068966,product_modMc,14,True,1000000,12839154553429,53,5.3e-05,999070,0,"{""-1"": 9, ""0"": 999947, ""1"": 44}",5.268
wide20,16,320.00215445068966,64.00215445068966,product_modMc,16,False,1000000,12837748744467,127,0.000127,999759,0,"{""-1"": 127, ""0"": 999873}",5.262
wide20,16,320.00215445068966,64.00215445068966,product_modMc,16,True,1000000,12839572244588,17,1.7e-05,999784,0,"{""-1"": 4, ""0"": 999983, ""1"": 13}",5.269
wide20,16,320.00215445068966,64.00215445068966,product_modp,6,False,1000000,12838940058317,1000000,1.0,0,0,"{""-1"": 1000000}",4.396
wide20,16,320.00215445068966,64.00215445068966,product_modp,6,True,1000000,12840428014118,328161,0.328161,0,0,"{""-1"": 328161, ""0"": 671839}",4.383
wide20,16,320.00215445068966,64.00215445068966,product_modp,8,False,1000000,12838485581906,1000000,1.0,0,0,"{""-1"": 1000000}",4.398
wide20,16,320.00215445068966,64.00215445068966,product_modp,8,True,1000000,12838430033835,328482,0.328482,0,0,"{""-1"": 328482, ""0"": 671518}",4.388
wide20,16,320.00215445068966,64.00215445068966,product_modp,10,False,1000000,12839440143977,1000000,1.0,0,0,"{""-1"": 1000000}",4.457
wide20,16,320.00215445068966,64.00215445068966,product_modp,10,True,1000000,12838747061698,328843,0.328843,0,0,"{""-1"": 328843, ""0"": 671157}",4.467
wide20,16,320.00215445068966,64.00215445068966,product_modp,12,False,1000000,12841401324526,1000000,1.0,0,0,"{""-1"": 1000000}",4.747
wide20,16,320.00215445068966,64.00215445068966,product_modp,12,True,1000000,12838560758599,328883,0.328883,0,0,"{""-1"": 328883, ""0"": 671117}",4.745
wide20,16,320.00215445068966,64.00215445068966,product_modp,14,False,1000000,12839537576453,1000000,1.0,0,0,"{""-1"": 1000000}",4.807
wide20,16,320.00215445068966,64.00215445068966,product_modp,14,True,1000000,12839515582814,328982,0.328982,0,0,"{""-1"": 328982, ""0"": 671018}",4.784
wide20,16,320.00215445068966,64.00215445068966,product_modp,16,False,1000000,12841867855754,1000000,1.0,0,0,"{""-1"": 1000000}",4.799
wide20,16,320.00215445068966,64.00215445068966,product_modp,16,True,1000000,12841208327907,328873,0.328873,0,0,"{""-1"": 328873, ""0"": 671127}",4.802
wide20,17,340.0024612351181,84.00246123511812,product_modMc,6,False,1000000,12841538027320,124628,0.124628,734963,0,"{""-1"": 124628, ""0"": 875372}",5.1
wide20,17,340.0024612351181,84.00246123511812,product_modMc,6,True,1000000,12841346702346,14394,0.014394,734100,0,"{""-1"": 7115, ""0"": 985606, ""1"": 7279}",5.104
wide20,17,340.0024612351181,84.00246123511812,product_modMc,8,False,1000000,12839405567165,31272,0.031272,933315,0,"{""-1"": 31272, ""0"": 968728}",5.121
wide20,17,340.0024612351181,84.00246123511812,product_modMc,8,True,1000000,12838946068879,3610,0.00361,933637,0,"{""-1"": 1777, ""0"": 996390, ""1"": 1833}",5.114
wide20,17,340.0024612351181,84.00246123511812,product_modMc,10,False,1000000,12840024584916,7948,0.007948,983267,0,"{""-1"": 7948, ""0"": 992052}",5.191
wide20,17,340.0024612351181,84.00246123511812,product_modMc,10,True,1000000,12841444134822,903,0.000903,983488,0,"{""-1"": 452, ""0"": 999097, ""1"": 451}",5.193
wide20,17,340.0024612351181,84.00246123511812,product_modMc,12,False,1000000,12841784701017,1998,0.001998,995842,0,"{""-1"": 1998, ""0"": 998002}",5.537
wide20,17,340.0024612351181,84.00246123511812,product_modMc,12,True,1000000,12839445892395,221,0.000221,995851,0,"{""-1"": 122, ""0"": 999779, ""1"": 99}",5.513
wide20,17,340.0024612351181,84.00246123511812,product_modMc,14,False,1000000,12840491116144,511,0.000511,998921,0,"{""-1"": 511, ""0"": 999489}",5.528
wide20,17,340.0024612351181,84.00246123511812,product_modMc,14,True,1000000,12840064910146,45,4.5e-05,998926,0,"{""-1"": 23, ""0"": 999955, ""1"": 22}",5.546
wide20,17,340.0024612351181,84.00246123511812,product_modMc,16,False,1000000,12840304813045,103,0.000103,999767,0,"{""-1"": 103, ""0"": 999897}",5.574
wide20,17,340.0024612351181,84.00246123511812,product_modMc,16,True,1000000,12839543324871,11,1.1e-05,999763,0,"{""-1"": 6, ""0"": 999989, ""1"": 5}",5.575
wide20,17,340.0024612351181,84.00246123511812,product_modp,6,False,1000000,12838811772335,1000000,1.0,0,0,"{""-1"": 1000000}",4.617
wide20,17,340.0024612351181,84.00246123511812,product_modp,6,True,1000000,12838654263937,499335,0.499335,0,0,"{""-1"": 499335, ""0"": 500665}",4.614
wide20,17,340.0024612351181,84.00246123511812,product_modp,8,False,1000000,12841846709190,1000000,1.0,0,0,"{""-1"": 1000000}",4.663
wide20,17,340.0024612351181,84.00246123511812,product_modp,8,True,1000000,12841254290207,500677,0.500677,0,0,"{""-1"": 500677, ""0"": 499323}",4.634
wide20,17,340.0024612351181,84.00246123511812,product_modp,10,False,1000000,12839311857995,1000000,1.0,0,0,"{""-1"": 1000000}",4.688
wide20,17,340.0024612351181,84.00246123511812,product_modp,10,True,1000000,12840899180061,499896,0.499896,0,0,"{""-1"": 499896, ""0"": 500104}",4.686
wide20,17,340.0024612351181,84.00246123511812,product_modp,12,False,1000000,12839930875746,1000000,1.0,0,0,"{""-1"": 1000000}",4.993
wide20,17,340.0024612351181,84.00246123511812,product_modp,12,True,1000000,12841888593595,499701,0.499701,0,0,"{""-1"": 499701, ""0"": 500299}",4.996
wide20,17,340.0024612351181,84.00246123511812,product_modp,14,False,1000000,12838603736441,1000000,1.0,0,0,"{""-1"": 1000000}",5.017
wide20,17,340.0024612351181,84.00246123511812,product_modp,14,True,1000000,12837944208594,499949,0.499949,0,0,"{""-1"": 499949, ""0"": 500051}",5.059
wide20,17,340.0024612351181,84.00246123511812,product_modp,16,False,1000000,12839007441773,1000000,1.0,0,0,"{""-1"": 1000000}",5.043
wide20,17,340.0024612351181,84.00246123511812,product_modp,16,True,1000000,12838581497919,500010,0.50001,0,0,"{""-1"": 500010, ""0"": 499990}",5.023
